"date","value"
"1998-01-05","100"
"1998-01-06","100"
"1998-01-07","100"
"1998-01-08","100"
"1998-01-09","100"
"1998-01-12","100.25"
"1998-01-13","100.29"
"1998-01-14","100.37"
"1998-01-15","100.41"
"1998-01-16","100.47"
"1998-01-19","100.82"
"1998-01-20","100.47"
"1998-01-21","100.47"
"1998-01-22","99.86"
"1998-01-23","99.9"
"1998-01-26","99.95"
"1998-01-27","99.48"
"1998-01-28","100.47"
"1998-01-29","101.57"
"1998-01-30","101.66"
"1998-02-02","102.64"
"1998-02-03","103.75"
"1998-02-04","102.26"
"1998-02-05","101.18"
"1998-02-06","102.9"
"1998-02-09","106.16"
"1998-02-10","112.24"
"1998-02-11","110.49"
"1998-02-12","108.42"
"1998-02-13","106.35"
"1998-02-16","105.85"
"1998-02-17","105.22"
"1998-02-18","106.31"
"1998-02-19","107.25"
"1998-02-20","107.6"
"1998-02-23","108.4"
"1998-02-24","108.95"
"1998-02-25","108.5"
"1998-02-26","111.63"
"1998-02-27","112.26"
"1998-03-02","111.7"
"1998-03-03","111.91"
"1998-03-04","110.64"
"1998-03-05","108.52"
"1998-03-06","108.14"
"1998-03-09","109.18"
"1998-03-10","110.03"
"1998-03-11","110.35"
"1998-03-12","109.63"
"1998-03-13","110.02"
"1998-03-16","109.83"
"1998-03-17","111.02"
"1998-03-18","110.32"
"1998-03-19","110.38"
"1998-03-20","110.17"
"1998-03-23","110.21"
"1998-03-24","110.51"
"1998-03-25","110.42"
"1998-03-26","110.15"
"1998-03-27","108.94"
"1998-03-30","107.86"
"1998-03-31","106.13"
"1998-04-01","105.95"
"1998-04-02","105.6"
"1998-04-06","100.02"
"1998-04-07","103.73"
"1998-04-08","103.33"
"1998-04-09","102.55"
"1998-04-14","103.19"
"1998-04-15","103.73"
"1998-04-16","103.17"
"1998-04-17","101.19"
"1998-04-20","101.75"
"1998-04-21","101.15"
"1998-04-22","101.18"
"1998-04-23","101.78"
"1998-04-24","102.32"
"1998-04-27","102.93"
"1998-05-18","99.53"
"1998-05-19","98.68"
"1998-05-20","98.18"
"1998-05-21","99.6"
"1998-05-22","100.49"
"1998-05-25","100.3"
"1998-05-26","100.11"
"1998-05-27","97.46"
"1998-05-28","95.83"
"1998-05-29","95.52"
"1998-06-01","92.68"
"1998-06-02","90.56"
"1998-06-03","91.13"
"1998-06-04","91.38"
"1998-06-05","91.14"
"1998-06-08","91.59"
"1998-06-09","90.23"
"1998-06-10","85.88"
"1998-06-15","84.21"
"1998-06-16","83.98"
"1998-06-17","86.92"
"1998-06-18","88.67"
"1998-06-19","87.6"
"1998-06-22","87.65"
"1998-06-23","87.66"
"1998-06-24","87.24"
"1998-06-25","87.09"
"1998-06-26","87.59"
"1998-06-29","87.21"
"1998-06-30","87.33"
"1998-07-01","88.08"
"1998-07-02","88.75"
"1998-07-03","89.5"
"1998-07-06","90.4"
"1998-07-07","91.16"
"1998-07-08","90.89"
"1998-07-09","90.28"
"1998-07-10","90.19"
"1998-07-13","91.67"
"1998-07-14","94.94"
"1998-07-15","95.39"
"1998-07-16","94.6"
"1998-07-17","96.2"
"1998-07-20","95.47"
"1998-07-21","96.65"
"1998-07-22","95.69"
"1998-07-23","95.54"
"1998-07-24","95.27"
"1998-07-27","94.85"
"1998-07-28","93.92"
"1998-07-29","92.83"
"1998-07-30","92.91"
"1998-07-31","93.44"
"1998-08-03","91.86"
"1998-08-04","91.61"
"1998-08-05","91.07"
"1998-08-06","91.77"
"1998-08-07","91.69"
"1998-08-10","91.96"
"1998-08-11","90.97"
"1998-08-12","90.82"
"1998-08-13","90.25"
"1998-08-14","90.36"
"1998-08-17","89.31"
"1998-08-18","89.52"
"1998-08-19","91.14"
"1998-08-20","91.35"
"1998-08-21","90.06"
"1998-08-24","89.63"
"1998-08-25","89.91"
"1998-08-26","89.55"
"1998-08-27","86.73"
"1998-08-28","81.92"
"1998-08-31","80.81"
"1998-09-01","77.09"
"1998-09-02","80.23"
"1998-09-03","80.01"
"1998-09-04","80.16"
"1998-09-07","83.55"
"1998-09-08","84.25"
"1998-09-09","84.11"
"1998-09-10","83.08"
"1998-09-11","81.34"
"1998-09-14","82.05"
"1998-09-15","81.03"
"1998-09-16","80.81"
"1998-09-17","79.24"
"1998-09-18","77.68"
"1998-09-21","75.29"
"1998-09-22","76.67"
"1998-09-23","77.11"
"1998-09-24","78.73"
"1998-09-25","76.46"
"1998-09-28","77.17"
"1998-09-29","76.88"
"1998-09-30","74.36"
"1998-10-01","71.05"
"1998-10-02","69.92"
"1998-10-05","67.7"
"1998-10-06","66.85"
"1998-10-07","66.7"
"1998-10-08","65.98"
"1998-10-09","67.41"
"1998-10-12","68.64"
"1998-10-13","68.26"
"1998-10-14","66.95"
"1998-10-15","65.71"
"1998-10-16","67.82"
"1998-10-19","66.46"
"1998-10-20","66.89"
"1998-10-21","66.7"
"1998-10-22","68.59"
"1998-10-23","69.78"
"1998-10-26","72.23"
"1998-10-27","71.74"
"1998-10-28","69.82"
"1998-10-29","70.69"
"1998-10-30","72.67"
"1998-11-02","76.36"
"1998-11-03","75.27"
"1998-11-04","76.46"
"1998-11-05","75.18"
"1998-11-06","75.85"
"1998-11-09","76.43"
"1998-11-10","77.08"
"1998-11-12","76.78"
"1998-11-13","78.24"
"1998-11-16","81.31"
"1998-11-17","79.67"
"1998-11-18","79.86"
"1998-11-19","79.11"
"1998-11-20","77.98"
"1998-11-23","78.28"
"1998-11-24","77.47"
"1998-11-25","76.55"
"1998-11-26","76.71"
"1998-11-27","75.6"
"1998-11-30","74.55"
"1998-12-01","72.59"
"1998-12-02","72.3"
"1998-12-03","73.6"
"1998-12-04","74.15"
"1998-12-07","76.22"
"1998-12-08","75.92"
"1998-12-09","76.51"
"1998-12-10","75.43"
"1998-12-11","74.46"
"1998-12-14","74.01"
"1998-12-15","73.84"
"1998-12-16","73.78"
"1998-12-17","73.63"
"1998-12-18","73.57"
"1998-12-21","73.04"
"1998-12-22","73.76"
"1998-12-23","74.98"
"1998-12-28","77.15"
"1998-12-29","76.12"
"1998-12-30","75.83"
"1998-12-31","76.72"
"1999-01-04","77.66"
"1999-01-05","77.3"
"1999-01-06","79.03"
"1999-01-07","78.98"
"1999-01-08","80.92"
"1999-01-11","80.52"
"1999-01-12","80.05"
"1999-01-13","76.3"
"1999-01-14","77.33"
"1999-01-15","76.95"
"1999-01-18","79.13"
"1999-01-19","79.21"
"1999-01-20","79.7"
"1999-01-21","79.2"
"1999-01-22","77.97"
"1999-01-25","77.87"
"1999-01-26","78.31"
"1999-01-27","78.81"
"1999-01-28","78.9"
"1999-01-29","80.26"
"1999-02-01","81.27"
"1999-02-02","81.6"
"1999-02-03","83.13"
"1999-02-04","85.15"
"1999-02-05","83.99"
"1999-02-08","85.39"
"1999-02-09","84.7"
"1999-02-10","84.18"
"1999-02-11","85.49"
"1999-02-12","86.95"
"1999-02-15","91.48"
"1999-02-16","93.36"
"1999-02-17","91.01"
"1999-02-18","93.29"
"1999-02-19","93.59"
"1999-02-22","94.21"
"1999-02-23","91.89"
"1999-02-24","91.14"
"1999-02-25","88.67"
"1999-02-26","89.38"
"1999-03-01","89.77"
"1999-03-02","88.78"
"1999-03-03","87.33"
"1999-03-04","86.1"
"1999-03-05","88.23"
"1999-03-08","89.95"
"1999-03-09","90.87"
"1999-03-10","89.99"
"1999-03-11","90.43"
"1999-03-12","91.54"
"1999-03-15","89.54"
"1999-03-16","89.36"
"1999-03-17","89.21"
"1999-03-18","89.33"
"1999-03-19","91.01"
"1999-03-22","89.62"
"1999-03-23","88.62"
"1999-03-24","86.82"
"1999-03-25","88.48"
"1999-03-26","88.23"
"1999-03-29","87.56"
"1999-03-30","87.99"
"1999-03-31","88.32"
"1999-04-01","88.31"
"1999-04-06","88.31"
"1999-04-07","87.64"
"1999-04-08","86.77"
"1999-04-09","86.36"
"1999-04-12","85.12"
"1999-04-13","85.54"
"1999-04-14","87.45"
"1999-04-15","89.18"
"1999-04-16","88.66"
"1999-04-19","90.41"
"1999-04-20","89.66"
"1999-04-21","90.28"
"1999-04-22","91.85"
"1999-04-23","92.16"
"1999-04-26","92.04"
"1999-04-27","92.19"
"1999-04-28","90.9"
"1999-04-29","89.44"
"1999-04-30","89.82"
"1999-05-04","89.49"
"1999-05-05","89.11"
"1999-05-06","89.02"
"1999-05-07","89.2"
"1999-05-10","88.92"
"1999-05-11","92.21"
"1999-05-12","90.5"
"1999-05-13","92.08"
"1999-05-14","89.56"
"1999-05-17","88.36"
"1999-05-18","88.8"
"1999-05-19","89.4"
"1999-05-20","90.43"
"1999-05-21","90.8"
"1999-05-24","92.4"
"1999-05-25","92.09"
"1999-05-26","92.27"
"1999-05-27","91.23"
"1999-05-28","90.66"
"1999-05-31","90.23"
"1999-06-01","89.9"
"1999-06-02","90.06"
"1999-06-07","90.4"
"1999-06-08","89.89"
"1999-06-09","90.37"
"1999-06-10","89.87"
"1999-06-11","90.35"
"1999-06-14","90.6"
"1999-06-15","92.47"
"1999-06-16","91.33"
"1999-06-17","90.74"
"1999-06-18","91.02"
"1999-06-21","91.89"
"1999-06-22","90.98"
"1999-06-23","90.08"
"1999-06-24","90.05"
"1999-06-25","89.89"
"1999-06-28","89.2"
"1999-06-29","87.96"
"1999-06-30","87.59"
"1999-07-01","88.85"
"1999-07-02","87.99"
"1999-07-05","88.05"
"1999-07-06","88.66"
"1999-07-07","87.58"
"1999-07-08","87.05"
"1999-07-09","86.93"
"1999-07-12","87.02"
"1999-07-13","86.14"
"1999-07-14","86.14"
"1999-07-15","85.57"
"1999-07-16","85.52"
"1999-07-19","86.04"
"1999-07-20","85.78"
"1999-07-21","84.87"
"1999-07-22","84.93"
"1999-07-23","85.42"
"1999-07-26","85.18"
"1999-07-27","85.33"
"1999-07-28","85.6"
"1999-07-29","85.12"
"1999-07-30","85.81"
"1999-08-02","85.6"
"1999-08-03","85.18"
"1999-08-04","84.81"
"1999-08-05","84.82"
"1999-08-06","85.15"
"1999-08-09","85.74"
"1999-08-10","85.35"
"1999-08-11","86.46"
"1999-08-12","86.58"
"1999-08-13","86.64"
"1999-08-16","87.25"
"1999-08-17","86.65"
"1999-08-18","86.62"
"1999-08-19","86.3"
"1999-08-20","86.46"
"1999-08-23","86.48"
"1999-08-24","86.59"
"1999-08-25","85.6"
"1999-08-26","85.99"
"1999-08-27","87.26"
"1999-08-30","87.38"
"1999-08-31","86.65"
"1999-09-01","86.54"
"1999-09-02","86.18"
"1999-09-03","86.26"
"1999-09-06","86.29"
"1999-09-07","86.37"
"1999-09-08","85.24"
"1999-09-09","85.53"
"1999-09-10","85.64"
"1999-09-13","84.13"
"1999-09-14","82.4"
"1999-09-15","81.09"
"1999-09-16","80.05"
"1999-09-17","81.38"
"1999-09-20","80.55"
"1999-09-21","79.19"
"1999-09-22","77.4"
"1999-09-23","77.68"
"1999-09-24","74.16"
"1999-09-27","74.85"
"1999-09-28","74.09"
"1999-09-29","74.01"
"1999-09-30","73.88"
"1999-10-01","73.73"
"1999-10-04","75.06"
"1999-10-05","75.93"
"1999-10-06","77.01"
"1999-10-07","77.6"
"1999-10-08","77.73"
"1999-10-11","77.21"
"1999-10-12","76.89"
"1999-10-13","76.31"
"1999-10-14","76.85"
"1999-10-15","75.63"
"1999-10-18","75.06"
"1999-10-19","74.93"
"1999-10-20","76.19"
"1999-10-21","76.1"
"1999-10-22","76.45"
"1999-10-25","76.4"
"1999-10-26","76.26"
"1999-10-27","75.9"
"1999-10-28","76.19"
"1999-10-29","76.62"
"1999-11-02","76.36"
"1999-11-03","76.39"
"1999-11-04","75.14"
"1999-11-05","74.03"
"1999-11-08","73.06"
"1999-11-09","73.64"
"1999-11-10","73.11"
"1999-11-15","73.09"
"1999-11-16","73.31"
"1999-11-17","74.23"
"1999-11-18","75.12"
"1999-11-19","77.52"
"1999-11-22","78.63"
"1999-11-23","77.77"
"1999-11-24","78.97"
"1999-11-25","80.1"
"1999-11-26","79.95"
"1999-11-29","78.33"
"1999-11-30","80.43"
"1999-12-01","81.32"
"1999-12-02","80.91"
"1999-12-03","81.02"
"1999-12-06","82.48"
"1999-12-07","83.62"
"1999-12-08","82.78"
"1999-12-09","83.28"
"1999-12-10","83.53"
"1999-12-13","84.6"
"1999-12-14","84.35"
"1999-12-15","83.31"
"1999-12-16","83.14"
"1999-12-17","83.97"
"1999-12-20","84.49"
"1999-12-21","84.05"
"1999-12-22","85.68"
"1999-12-23","87.01"
"1999-12-27","91.46"
"1999-12-28","89.52"
"1999-12-29","91.23"
"2000-01-03","94.56"
"2000-01-04","91.67"
"2000-01-05","89.51"
"2000-01-06","89.94"
"2000-01-07","91.02"
"2000-01-10","94.45"
"2000-01-11","93.69"
"2000-01-12","93.24"
"2000-01-13","94.92"
"2000-01-14","94.76"
"2000-01-17","94.13"
"2000-01-18","92.7"
"2000-01-19","90.67"
"2000-01-20","90.8"
"2000-01-21","90.65"
"2000-01-24","89.49"
"2000-01-25","87.54"
"2000-01-26","88.87"
"2000-01-27","91.44"
"2000-01-28","92.06"
"2000-01-31","92.26"
"2000-02-01","92.4"
"2000-02-02","93.97"
"2000-02-03","96.75"
"2000-02-04","98.08"
"2000-02-07","97.55"
"2000-02-08","98.39"
"2000-02-09","97.59"
"2000-02-10","95.51"
"2000-02-11","95.56"
"2000-02-14","93.74"
"2000-02-15","94.16"
"2000-02-16","94.16"
"2000-02-17","93.2"
"2000-02-18","93.38"
"2000-02-21","91.71"
"2000-02-22","93.61"
"2000-02-23","93.77"
"2000-02-24","93.78"
"2000-02-25","91.65"
"2000-02-28","88.99"
"2000-02-29","89.1"
"2000-03-01","90.38"
"2000-03-02","90.18"
"2000-03-03","91.23"
"2000-03-06","93.26"
"2000-03-07","92.95"
"2000-03-08","92.03"
"2000-03-09","93.48"
"2000-03-10","95.75"
"2000-03-13","95.45"
"2000-03-14","94.16"
"2000-03-15","93.99"
"2000-03-16","94"
"2000-03-17","94.13"
"2000-03-20","93.94"
"2000-03-21","93.3"
"2000-03-22","93.88"
"2000-03-23","94.18"
"2000-03-24","94.64"
"2000-03-27","95.41"
"2000-03-28","96.67"
"2000-03-29","95.9"
"2000-03-30","94.66"
"2000-03-31","94.33"
"2000-04-03","94.51"
"2000-04-04","93.42"
"2000-04-05","93.09"
"2000-04-06","93.26"
"2000-04-07","94.23"
"2000-04-10","94.14"
"2000-04-11","93.85"
"2000-04-12","94.11"
"2000-04-13","93.77"
"2000-04-14","93.21"
"2000-04-17","90.69"
"2000-04-18","92.34"
"2000-04-19","92.35"
"2000-04-20","92.11"
"2000-04-25","92.06"
"2000-04-26","92.64"
"2000-04-27","92.48"
"2000-04-28","93.32"
"2000-05-04","93.36"
"2000-05-05","93.13"
"2000-05-08","92.99"
"2000-05-09","92.83"
"2000-05-10","93.15"
"2000-05-11","93.3"
"2000-05-12","93.79"
"2000-05-15","94.06"
"2000-05-16","94.93"
"2000-05-17","95.04"
"2000-05-18","94.66"
"2000-05-19","94.51"
"2000-05-22","93.52"
"2000-05-23","93.07"
"2000-05-24","91.89"
"2000-05-25","92.17"
"2000-05-26","91.51"
"2000-05-29","90.82"
"2000-05-30","92.67"
"2000-05-31","93.02"
"2000-06-01","93.12"
"2000-06-02","93.74"
"2000-06-05","93.64"
"2000-06-06","92.72"
"2000-06-07","93.1"
"2000-06-08","93.29"
"2000-06-09","93.18"
"2000-06-12","92.94"
"2000-06-13","92.9"
"2000-06-14","93.57"
"2000-06-15","94.14"
"2000-06-16","94.61"
"2000-06-19","93.8"
"2000-06-20","93.88"
"2000-06-21","93.47"
"2000-06-23","93.44"
"2000-06-26","93.75"
"2000-06-27","93.72"
"2000-06-28","93.63"
"2000-06-29","93.76"
"2000-06-30","93.89"
"2000-07-03","94.21"
"2000-07-04","94.48"
"2000-07-05","95.48"
"2000-07-06","96.26"
"2000-07-07","96.94"
"2000-07-10","99.25"
"2000-07-11","99.23"
"2000-07-12","98.26"
"2000-07-13","97.81"
"2000-07-14","98.47"
"2000-07-17","98.9"
"2000-07-18","98.84"
"2000-07-19","99.09"
"2000-07-20","98.95"
"2000-07-21","99.8"
"2000-07-24","99.88"
"2000-07-25","100.16"
"2000-07-26","99.63"
"2000-07-27","98.71"
"2000-07-28","98.69"
"2000-07-31","98.66"
"2000-08-01","99.1"
"2000-08-02","99.15"
"2000-08-03","98.58"
"2000-08-04","98.97"
"2000-08-07","99.51"
"2000-08-08","99.8"
"2000-08-09","100.17"
"2000-08-10","100.55"
"2000-08-11","100.09"
"2000-08-14","99.18"
"2000-08-16","99.16"
"2000-08-17","98.45"
"2000-08-18","98.44"
"2000-08-21","97.54"
"2000-08-22","97.62"
"2000-08-23","98.26"
"2000-08-24","98.8"
"2000-08-25","99.02"
"2000-08-28","98.59"
"2000-08-29","98.71"
"2000-08-30","98.73"
"2000-08-31","99.51"
"2000-09-01","100.23"
"2000-09-04","100.38"
"2000-09-05","100.02"
"2000-09-06","99.69"
"2000-09-07","99.1"
"2000-09-08","99.24"
"2000-09-11","98.17"
"2000-09-12","98.15"
"2000-09-13","98.71"
"2000-09-14","98.9"
"2000-09-15","98.99"
"2000-09-18","98.72"
"2000-09-19","98.58"
"2000-09-20","98.67"
"2000-09-21","98.07"
"2000-09-22","95.07"
"2000-09-25","95.65"
"2000-09-26","94.51"
"2000-09-27","93.61"
"2000-09-28","93.37"
"2000-09-29","93.85"
"2000-10-02","93.47"
"2000-10-03","92.45"
"2000-10-04","91.81"
"2000-10-05","92.24"
"2000-10-06","92.05"
"2000-10-09","90.97"
"2000-10-10","90.77"
"2000-10-11","88.55"
"2000-10-12","87.62"
"2000-10-13","85.9"
"2000-10-16","88.1"
"2000-10-17","88.16"
"2000-10-18","87.63"
"2000-10-19","88.52"
"2000-10-20","90.09"
"2000-10-23","89.73"
"2000-10-24","89.79"
"2000-10-25","89.85"
"2000-10-26","89.29"
"2000-10-27","89.12"
"2000-10-30","88.79"
"2000-10-31","88.7"
"2000-11-02","89.96"
"2000-11-03","91.36"
"2000-11-06","92.26"
"2000-11-07","93.12"
"2000-11-08","92.71"
"2000-11-09","91.81"
"2000-11-10","91.2"
"2000-11-13","89.73"
"2000-11-14","90.51"
"2000-11-15","90.76"
"2000-11-16","90.39"
"2000-11-17","91.49"
"2000-11-20","91.53"
"2000-11-21","91.57"
"2000-11-22","91.07"
"2000-11-23","90.8"
"2000-11-24","92.57"
"2000-11-27","93.44"
"2000-11-28","92.77"
"2000-11-29","92.08"
"2000-11-30","91.14"
"2000-12-01","91.4"
"2000-12-04","90.26"
"2000-12-05","91.72"
"2000-12-06","92.61"
"2000-12-07","92.61"
"2000-12-08","93.08"
"2000-12-11","93.52"
"2000-12-12","93.87"
"2000-12-13","94.76"
"2000-12-14","95.24"
"2000-12-15","95.17"
"2000-12-18","95.79"
"2000-12-19","96.38"
"2000-12-20","94.79"
"2000-12-21","94.42"
"2000-12-22","95.86"
"2000-12-27","96.38"
"2000-12-28","96.42"
"2000-12-29","96.44"
"2001-01-02","95.22"
"2001-01-03","94.26"
"2001-01-04","95.78"
"2001-01-05","94.27"
"2001-01-08","93.5"
"2001-01-09","93.72"
"2001-01-10","93.41"
"2001-01-11","93.02"
"2001-01-12","93.51"
"2001-01-15","93.1"
"2001-01-16","92.72"
"2001-01-17","93.38"
"2001-01-18","93.65"
"2001-01-19","95.36"
"2001-01-22","94.84"
"2001-01-23","94.3"
"2001-01-24","94.43"
"2001-01-25","94.72"
"2001-01-26","94.61"
"2001-01-29","95.43"
"2001-01-30","95.84"
"2001-01-31","95.63"
"2001-02-01","95.25"
"2001-02-02","95.6"
"2001-02-05","94.31"
"2001-02-06","94.34"
"2001-02-07","92.9"
"2001-02-08","93.06"
"2001-02-09","92.64"
"2001-02-12","92.16"
"2001-02-13","93.1"
"2001-02-14","92.62"
"2001-02-15","93.4"
"2001-02-16","92.64"
"2001-02-19","91.92"
"2001-02-20","91.62"
"2001-02-21","90.98"
"2001-02-22","90.59"
"2001-02-23","90.68"
"2001-02-26","91.23"
"2001-02-27","90.22"
"2001-02-28","89.43"
"2001-03-01","88.61"
"2001-03-02","88.45"
"2001-03-05","89.24"
"2001-03-06","89.56"
"2001-03-07","89.24"
"2001-03-08","88.61"
"2001-03-09","87.02"
"2001-03-12","84.49"
"2001-03-13","84.62"
"2001-03-14","83.95"
"2001-03-15","85.29"
"2001-03-16","85.15"
"2001-03-19","85.49"
"2001-03-20","86.25"
"2001-03-21","85.98"
"2001-03-22","85.84"
"2001-03-23","87.33"
"2001-03-26","87.75"
"2001-03-27","87.58"
"2001-03-28","88.15"
"2001-03-29","87.47"
"2001-03-30","88.19"
"2001-04-02","87.43"
"2001-04-03","86.65"
"2001-04-04","85.98"
"2001-04-05","86.67"
"2001-04-06","87.26"
"2001-04-09","88"
"2001-04-10","88.93"
"2001-04-11","90.1"
"2001-04-12","90.08"
"2001-04-17","89.04"
"2001-04-18","90.88"
"2001-04-19","91.73"
"2001-04-20","91.74"
"2001-04-23","91.01"
"2001-04-24","90.91"
"2001-04-25","90.95"
"2001-04-26","91.52"
"2001-04-27","91.59"
"2001-04-30","90.73"
"2001-05-02","91.25"
"2001-05-04","90.67"
"2001-05-07","90.2"
"2001-05-08","89.53"
"2001-05-09","88.71"
"2001-05-10","90.23"
"2001-05-11","90.76"
"2001-05-14","91.56"
"2001-05-15","90.49"
"2001-05-16","89.28"
"2001-05-17","89.88"
"2001-05-18","89.91"
"2001-05-21","90.54"
"2001-05-22","91.59"
"2001-05-23","91.88"
"2001-05-24","91.9"
"2001-05-25","91.95"
"2001-05-28","91.83"
"2001-05-29","91.59"
"2001-05-30","91.42"
"2001-05-31","91.66"
"2001-06-01","92.17"
"2001-06-04","91.35"
"2001-06-05","91.65"
"2001-06-06","91.23"
"2001-06-07","90.34"
"2001-06-08","89.5"
"2001-06-11","88.48"
"2001-06-12","88.44"
"2001-06-13","88.46"
"2001-06-15","87.02"
"2001-06-18","86.3"
"2001-06-19","85.88"
"2001-06-20","84.8"
"2001-06-21","85.92"
"2001-06-22","86.22"
"2001-06-25","86.68"
"2001-06-26","85.24"
"2001-06-27","85.09"
"2001-06-28","84.84"
"2001-06-29","84.8"
"2001-07-02","84.11"
"2001-07-03","83.35"
"2001-07-04","82.2"
"2001-07-05","82.13"
"2001-07-06","83.22"
"2001-07-09","82.69"
"2001-07-10","81.18"
"2001-07-11","80.49"
"2001-07-12","82.23"
"2001-07-13","82.26"
"2001-07-16","83.63"
"2001-07-17","82.72"
"2001-07-18","82.86"
"2001-07-19","83.07"
"2001-07-20","81.32"
"2001-07-23","81.58"
"2001-07-24","80.29"
"2001-07-25","79.57"
"2001-07-26","80.21"
"2001-07-27","80.94"
"2001-07-30","80.74"
"2001-07-31","80.44"
"2001-08-01","80.52"
"2001-08-02","80.72"
"2001-08-03","80.18"
"2001-08-06","79.85"
"2001-08-07","79.05"
"2001-08-08","78.23"
"2001-08-09","76.79"
"2001-08-10","76.3"
"2001-08-13","74.84"
"2001-08-14","75.67"
"2001-08-16","74.22"
"2001-08-17","73.24"
"2001-08-20","73.8"
"2001-08-21","74.46"
"2001-08-22","75.86"
"2001-08-23","75.7"
"2001-08-24","76.74"
"2001-08-27","76.01"
"2001-08-28","75.51"
"2001-08-29","75.71"
"2001-08-30","76.16"
"2001-08-31","76.58"
"2001-09-03","76.73"
"2001-09-04","76.49"
"2001-09-05","77.4"
"2001-09-06","78.57"
"2001-09-07","77.78"
"2001-09-10","76.99"
"2001-09-11","75.79"
"2001-09-12","75.39"
"2001-09-13","75.49"
"2001-09-14","74.02"
"2001-09-17","73.26"
"2001-09-18","73.51"
"2001-09-19","74.5"
"2001-09-20","73.79"
"2001-09-21","72.39"
"2001-09-24","71.74"
"2001-09-25","72.53"
"2001-09-26","72.81"
"2001-09-27","72.48"
"2001-09-28","73.05"
"2001-10-01","72.95"
"2001-10-02","73.07"
"2001-10-03","72.31"
"2001-10-04","73.23"
"2001-10-05","73.16"
"2001-10-08","72.95"
"2001-10-09","74.84"
"2001-10-10","77.08"
"2001-10-11","78.67"
"2001-10-12","78.53"
"2001-10-15","77.86"
"2001-10-16","80.63"
"2001-10-17","80.26"
"2001-10-18","79.55"
"2001-10-19","79.3"
"2001-10-22","80.82"
"2001-10-23","80.69"
"2001-10-24","81.5"
"2001-10-25","81.93"
"2001-10-26","84.38"
"2001-10-29","84.61"
"2001-10-30","83.37"
"2001-10-31","83.46"
"2001-11-02","83.34"
"2001-11-05","83.57"
"2001-11-06","82.96"
"2001-11-07","82.62"
"2001-11-08","84.36"
"2001-11-09","84.61"
"2001-11-12","83.86"
"2001-11-13","85.9"
"2001-11-14","87.39"
"2001-11-15","86.98"
"2001-11-16","87.16"
"2001-11-19","87.46"
"2001-11-20","86.94"
"2001-11-21","85.57"
"2001-11-22","85.87"
"2001-11-23","85.87"
"2001-11-26","85.87"
"2001-11-27","85.87"
"2001-11-28","85.65"
"2001-11-29","85.35"
"2001-11-30","84.95"
"2001-12-03","84.83"
"2001-12-04","85.76"
"2001-12-05","86.06"
"2001-12-06","86.41"
"2001-12-07","86.26"
"2001-12-10","85.36"
"2001-12-11","85.26"
"2001-12-12","85.16"
"2001-12-13","84.11"
"2001-12-14","83.9"
"2001-12-17","84.04"
"2001-12-18","85.39"
"2001-12-19","85.1"
"2001-12-20","85.01"
"2001-12-21","84.63"
"2001-12-27","84.71"
"2001-12-28","85.01"
"2001-12-31","85.13"
"2002-01-02","85.14"
"2002-01-03","85.36"
"2002-01-04","87.28"
"2002-01-07","88.5"
"2002-01-08","89.36"
"2002-01-09","88.95"
"2002-01-10","91.44"
"2002-01-11","90.74"
"2002-01-14","91.15"
"2002-01-15","90.29"
"2002-01-16","90.79"
"2002-01-17","91.31"
"2002-01-18","92.69"
"2002-01-21","92.19"
"2002-01-22","91.7"
"2002-01-23","93.65"
"2002-01-24","92.89"
"2002-01-25","93.47"
"2002-01-28","93.77"
"2002-01-29","92.33"
"2002-01-30","92.63"
"2002-01-31","91.85"
"2002-02-01","92.7"
"2002-02-04","92.39"
"2002-02-05","91.88"
"2002-02-06","90.96"
"2002-02-07","90.91"
"2002-02-08","90.53"
"2002-02-11","90.75"
"2002-02-12","91.14"
"2002-02-13","90.75"
"2002-02-14","91.06"
"2002-02-15","91.08"
"2002-02-18","91.09"
"2002-02-19","90.66"
"2002-02-20","90.27"
"2002-02-21","90.5"
"2002-02-22","90.37"
"2002-02-25","90.11"
"2002-02-26","91"
"2002-02-27","91.17"
"2002-02-28","91.43"
"2002-03-01","91.06"
"2002-03-04","91.79"
"2002-03-05","91.84"
"2002-03-06","91.48"
"2002-03-07","91.09"
"2002-03-08","91.69"
"2002-03-11","91.67"
"2002-03-12","90.89"
"2002-03-13","89.93"
"2002-03-14","90.35"
"2002-03-15","90.74"
"2002-03-18","90.52"
"2002-03-19","89.94"
"2002-03-20","89.2"
"2002-03-21","89.26"
"2002-03-22","89.57"
"2002-03-25","90.49"
"2002-03-26","89.45"
"2002-03-27","89.46"
"2002-03-28","89.81"
"2002-04-02","89.71"
"2002-04-03","88.95"
"2002-04-04","88.58"
"2002-04-05","88.54"
"2002-04-08","89.27"
"2002-04-09","89.09"
"2002-04-10","89.94"
"2002-04-11","89.92"
"2002-04-12","89.71"
"2002-04-15","89.18"
"2002-04-16","89.63"
"2002-04-17","89.76"
"2002-04-18","89.36"
"2002-04-19","89.15"
"2002-04-22","88.67"
"2002-04-23","88.77"
"2002-04-24","89.31"
"2002-04-25","89.18"
"2002-04-26","89.41"
"2002-04-29","89.99"
"2002-04-30","90.35"
"2002-05-02","89.64"
"2002-05-06","88.8"
"2002-05-07","88.89"
"2002-05-08","88.25"
"2002-05-09","88.74"
"2002-05-10","88.92"
"2002-05-13","88.81"
"2002-05-14","88.7"
"2002-05-15","89.08"
"2002-05-16","89.22"
"2002-05-17","90.87"
"2002-05-20","91.74"
"2002-05-21","91.35"
"2002-05-22","91.94"
"2002-05-23","91.56"
"2002-05-24","91.73"
"2002-05-27","92.04"
"2002-05-28","92.27"
"2002-05-29","91.93"
"2002-05-31","92.32"
"2002-06-03","92.15"
"2002-06-04","93.15"
"2002-06-05","92.31"
"2002-06-06","92.18"
"2002-06-07","92.21"
"2002-06-10","91.46"
"2002-06-11","91.39"
"2002-06-12","91.45"
"2002-06-13","91.47"
"2002-06-14","91.33"
"2002-06-17","89.75"
"2002-06-18","89.95"
"2002-06-19","89.47"
"2002-06-20","88.42"
"2002-06-21","88.45"
"2002-06-24","89.09"
"2002-06-25","87.41"
"2002-06-26","86.65"
"2002-06-27","85.18"
"2002-06-28","85.71"
"2002-07-01","84.39"
"2002-07-02","84.4"
"2002-07-03","83.08"
"2002-07-04","83.13"
"2002-07-05","82.64"
"2002-07-08","83.75"
"2002-07-09","83.82"
"2002-07-10","84.29"
"2002-07-11","83.17"
"2002-07-12","81.86"
"2002-07-15","81.81"
"2002-07-16","81.26"
"2002-07-17","81.52"
"2002-07-18","83.01"
"2002-07-19","81.53"
"2002-07-22","80.11"
"2002-07-23","78.38"
"2002-07-24","79.16"
"2002-07-25","77.1"
"2002-07-26","76.29"
"2002-07-29","77.67"
"2002-07-30","77.4"
"2002-07-31","77.55"
"2002-08-01","78.04"
"2002-08-02","78.86"
"2002-08-05","78.61"
"2002-08-06","77.93"
"2002-08-07","77.94"
"2002-08-08","77.09"
"2002-08-09","77.12"
"2002-08-12","77.13"
"2002-08-13","76.84"
"2002-08-14","78.69"
"2002-08-16","78.12"
"2002-08-19","78.22"
"2002-08-20","78.33"
"2002-08-21","77.73"
"2002-08-22","79.96"
"2002-08-23","80.01"
"2002-08-26","80.31"
"2002-08-27","80.76"
"2002-08-28","82.11"
"2002-08-29","80.94"
"2002-08-30","80.13"
"2002-09-02","80.6"
"2002-09-03","80.54"
"2002-09-04","79.07"
"2002-09-05","78.6"
"2002-09-06","78.29"
"2002-09-09","79.1"
"2002-09-10","79.41"
"2002-09-11","80.33"
"2002-09-12","80.89"
"2002-09-13","80"
"2002-09-16","79.63"
"2002-09-17","80.17"
"2002-09-18","80.35"
"2002-09-19","79.56"
"2002-09-20","79.57"
"2002-09-23","80.25"
"2002-09-24","80.02"
"2002-09-25","79.03"
"2002-09-26","79.84"
"2002-09-27","79.63"
"2002-09-30","79.4"
"2002-10-01","78.67"
"2002-10-02","78.44"
"2002-10-03","78.5"
"2002-10-04","78.83"
"2002-10-07","78.79"
"2002-10-08","78.2"
"2002-10-09","78.31"
"2002-10-10","78.26"
"2002-10-11","78.89"
"2002-10-14","79.81"
"2002-10-15","80.18"
"2002-10-16","81.35"
"2002-10-17","80.94"
"2002-10-18","80.98"
"2002-10-21","82.02"
"2002-10-22","81.98"
"2002-10-23","82.41"
"2002-10-24","82.21"
"2002-10-25","82.2"
"2002-10-28","82.03"
"2002-10-29","83.47"
"2002-10-30","83.58"
"2002-10-31","83.45"
"2002-11-04","83.74"
"2002-11-05","83.94"
"2002-11-06","83.23"
"2002-11-07","82.49"
"2002-11-08","82.27"
"2002-11-12","82.32"
"2002-11-13","82.6"
"2002-11-14","82.43"
"2002-11-15","82.81"
"2002-11-18","82.29"
"2002-11-19","82.58"
"2002-11-20","82.93"
"2002-11-21","83.08"
"2002-11-22","84.71"
"2002-11-25","84.94"
"2002-11-26","86.22"
"2002-11-27","85.75"
"2002-11-28","86.08"
"2002-11-29","86"
"2002-12-02","85.58"
"2002-12-03","87.25"
"2002-12-04","87.18"
"2002-12-05","86.15"
"2002-12-06","86.55"
"2002-12-09","85.63"
"2002-12-10","85.77"
"2002-12-11","84.56"
"2002-12-12","84.14"
"2002-12-13","84.7"
"2002-12-16","84.73"
"2002-12-17","84.94"
"2002-12-18","84.67"
"2002-12-19","83.22"
"2002-12-20","83.2"
"2002-12-23","83.13"
"2002-12-27","83.92"
"2002-12-30","84.73"
"2002-12-31","84.83"
"2003-01-02","84.62"
"2003-01-03","84.6"
"2003-01-06","86.37"
"2003-01-07","86.51"
"2003-01-08","86.87"
"2003-01-09","86.14"
"2003-01-10","86.24"
"2003-01-13","86.34"
"2003-01-14","88.17"
"2003-01-15","87.62"
"2003-01-16","87.66"
"2003-01-17","86.54"
"2003-01-20","85.8"
"2003-01-21","85.69"
"2003-01-22","84.99"
"2003-01-23","84.15"
"2003-01-24","85.09"
"2003-01-27","83.97"
"2003-01-28","82.93"
"2003-01-29","83.05"
"2003-01-30","83.44"
"2003-01-31","82.95"
"2003-02-03","83.37"
"2003-02-04","84.37"
"2003-02-05","83.29"
"2003-02-06","83.27"
"2003-02-07","82.51"
"2003-02-10","82.82"
"2003-02-11","83.16"
"2003-02-12","83.4"
"2003-02-13","82.87"
"2003-02-14","83.23"
"2003-02-17","83.09"
"2003-02-18","83.62"
"2003-02-19","83.15"
"2003-02-20","82.54"
"2003-02-21","83.34"
"2003-02-24","82.98"
"2003-02-25","82.4"
"2003-02-26","81.33"
"2003-02-27","81.4"
"2003-02-28","81.64"
"2003-03-03","81.89"
"2003-03-04","81.49"
"2003-03-05","80.39"
"2003-03-06","80.17"
"2003-03-07","80.03"
"2003-03-10","80.46"
"2003-03-11","82.21"
"2003-03-12","81.71"
"2003-03-13","81.6"
"2003-03-14","82.52"
"2003-03-17","82.13"
"2003-03-18","81.05"
"2003-03-19","81.94"
"2003-03-20","81.84"
"2003-03-21","81.95"
"2003-03-24","83.14"
"2003-03-25","82.91"
"2003-03-26","82.68"
"2003-03-27","82.7"
"2003-03-28","82.22"
"2003-03-31","82.09"
"2003-04-01","80.97"
"2003-04-02","80.95"
"2003-04-03","81.66"
"2003-04-04","82.7"
"2003-04-07","82.9"
"2003-04-08","84.19"
"2003-04-09","83.79"
"2003-04-10","83.81"
"2003-04-11","82.95"
"2003-04-14","82.86"
"2003-04-15","81.77"
"2003-04-16","81.88"
"2003-04-17","81.46"
"2003-04-22","82.2"
"2003-04-23","82.52"
"2003-04-24","83.05"
"2003-04-25","82.4"
"2003-04-28","82.51"
"2003-04-29","82.97"
"2003-04-30","83.15"
"2003-05-02","82.97"
"2003-05-05","83.76"
"2003-05-06","84.37"
"2003-05-07","84.6"
"2003-05-08","84.21"
"2003-05-09","84.67"
"2003-05-12","85.2"
"2003-05-13","85.1"
"2003-05-14","84.9"
"2003-05-15","86.32"
"2003-05-16","85.93"
"2003-05-19","85.6"
"2003-05-20","85.01"
"2003-05-21","84.77"
"2003-05-22","85.39"
"2003-05-23","85.74"
"2003-05-26","85.92"
"2003-05-27","85.91"
"2003-05-28","85.45"
"2003-05-29","85.95"
"2003-05-30","86.26"
"2003-06-02","86.77"
"2003-06-03","86.69"
"2003-06-04","87.02"
"2003-06-05","87.63"
"2003-06-06","87.7"
"2003-06-09","87.99"
"2003-06-10","87.51"
"2003-06-11","86.87"
"2003-06-12","87"
"2003-06-13","87.74"
"2003-06-16","87.63"
"2003-06-17","87.77"
"2003-06-18","88.27"
"2003-06-20","89.13"
"2003-06-23","89.39"
"2003-06-24","89.1"
"2003-06-25","88.44"
"2003-06-26","89.11"
"2003-06-27","89.34"
"2003-06-30","89.1"
"2003-07-01","89.13"
"2003-07-02","88.21"
"2003-07-03","88.87"
"2003-07-04","89.2"
"2003-07-07","90.44"
"2003-07-08","92.74"
"2003-07-09","92.28"
"2003-07-10","93.14"
"2003-07-11","93.6"
"2003-07-14","93.9"
"2003-07-15","95.38"
"2003-07-16","95.13"
"2003-07-17","94.96"
"2003-07-18","95.12"
"2003-07-21","96.03"
"2003-07-22","96.34"
"2003-07-23","95.45"
"2003-07-24","94.46"
"2003-07-25","94.94"
"2003-07-28","95.3"
"2003-07-29","96.87"
"2003-07-30","97.22"
"2003-07-31","96.68"
"2003-08-01","97.03"
"2003-08-04","96.95"
"2003-08-05","96.09"
"2003-08-06","96.26"
"2003-08-07","96.14"
"2003-08-08","98.03"
"2003-08-11","97.73"
"2003-08-12","98.58"
"2003-08-13","99.73"
"2003-08-14","99.5"
"2003-08-18","100.8"
"2003-08-19","101.16"
"2003-08-20","100.91"
"2003-08-21","100.58"
"2003-08-22","102.28"
"2003-08-25","104.74"
"2003-08-26","104.84"
"2003-08-27","106.32"
"2003-08-28","106.33"
"2003-08-29","105.8"
"2003-09-01","107.53"
"2003-09-02","109.85"
"2003-09-03","109.8"
"2003-09-04","108.95"
"2003-09-05","107.49"
"2003-09-08","105.69"
"2003-09-09","105.59"
"2003-09-10","104.32"
"2003-09-11","102.52"
"2003-09-12","103.02"
"2003-09-15","101.8"
"2003-09-16","101.59"
"2003-09-17","103.64"
"2003-09-18","103.4"
"2003-09-19","103.4"
"2003-09-22","103.57"
"2003-09-23","101.43"
"2003-09-24","101.84"
"2003-09-25","102.03"
"2003-09-26","101.93"
"2003-09-29","102.55"
"2003-09-30","102.01"
"2003-10-01","99.99"
"2003-10-02","100.1"
"2003-10-03","101.57"
"2003-10-06","102.6"
"2003-10-07","105.74"
"2003-10-08","105.52"
"2003-10-09","106.84"
"2003-10-10","107.73"
"2003-10-13","107.75"
"2003-10-14","107.4"
"2003-10-15","109.15"
"2003-10-16","110.04"
"2003-10-17","108.48"
"2003-10-20","107.6"
"2003-10-21","107.06"
"2003-10-22","105.54"
"2003-10-23","104.17"
"2003-10-24","104.21"
"2003-10-27","103.77"
"2003-10-28","102.77"
"2003-10-29","105.42"
"2003-10-30","105.23"
"2003-10-31","107.16"
"2003-11-03","106.89"
"2003-11-04","107.32"
"2003-11-05","106.05"
"2003-11-06","105.87"
"2003-11-07","107.03"
"2003-11-10","106.87"
"2003-11-12","107.23"
"2003-11-13","106.03"
"2003-11-14","106.02"
"2003-11-17","106.17"
"2003-11-18","104.05"
"2003-11-19","103.25"
"2003-11-20","101.97"
"2003-11-21","100.12"
"2003-11-24","101.4"
"2003-11-25","102.19"
"2003-11-26","100.95"
"2003-11-27","101.24"
"2003-11-28","102.03"
"2003-12-01","101.99"
"2003-12-02","104.6"
"2003-12-03","104.9"
"2003-12-04","104.88"
"2003-12-05","103.9"
"2003-12-08","103.75"
"2003-12-09","105.73"
"2003-12-10","106.96"
"2003-12-11","106.61"
"2003-12-12","107.41"
"2003-12-15","108.78"
"2003-12-16","108.75"
"2003-12-17","108.75"
"2003-12-18","108.12"
"2003-12-19","108.68"
"2003-12-22","108.52"
"2003-12-23","108.7"
"2003-12-29","109.61"
"2003-12-30","109.59"
"2003-12-31","109.66"
"2004-01-02","109.44"
"2004-01-05","111.41"
"2004-01-06","114.55"
"2004-01-07","114.2"
"2004-01-08","113.89"
"2004-01-09","113.68"
"2004-01-12","113.3"
"2004-01-13","114.02"
"2004-01-14","115.14"
"2004-01-15","113.65"
"2004-01-16","114.23"
"2004-01-19","113.65"
"2004-01-20","114.02"
"2004-01-21","114.43"
"2004-01-22","113.71"
"2004-01-23","114.79"
"2004-01-26","115.06"
"2004-01-27","115.15"
"2004-01-28","115.03"
"2004-01-29","112.33"
"2004-01-30","111.83"
"2004-02-02","112.75"
"2004-02-03","113.84"
"2004-02-04","113.22"
"2004-02-05","113.63"
"2004-02-06","113.94"
"2004-02-09","115.07"
"2004-02-10","117.22"
"2004-02-11","118.32"
"2004-02-12","117.71"
"2004-02-13","118.29"
"2004-02-16","118"
"2004-02-17","118.87"
"2004-02-18","119.16"
"2004-02-19","119.12"
"2004-02-20","117.62"
"2004-02-23","118.1"
"2004-02-24","116.96"
"2004-02-25","114.81"
"2004-02-26","115.06"
"2004-02-27","115.49"
"2004-03-01","117.74"
"2004-03-02","119.82"
"2004-03-03","119.7"
"2004-03-04","119.17"
"2004-03-05","118.9"
"2004-03-08","119.69"
"2004-03-09","121.27"
"2004-03-10","119.31"
"2004-03-11","119.52"
"2004-03-12","117.67"
"2004-03-15","118.05"
"2004-03-16","116.82"
"2004-03-17","117.64"
"2004-03-18","118.38"
"2004-03-19","117.36"
"2004-03-22","116.62"
"2004-03-23","116.41"
"2004-03-24","117.35"
"2004-03-25","117.38"
"2004-03-26","118.22"
"2004-03-29","118.29"
"2004-03-30","118.92"
"2004-03-31","119.5"
"2004-04-01","118.85"
"2004-04-02","118.92"
"2004-04-05","120.95"
"2004-04-06","121.45"
"2004-04-07","121.52"
"2004-04-08","122.39"
"2004-04-13","123.06"
"2004-04-14","125.49"
"2004-04-15","125.28"
"2004-04-16","127.52"
"2004-04-19","126.78"
"2004-04-20","127.87"
"2004-04-21","128.79"
"2004-04-22","129.76"
"2004-04-23","127.41"
"2004-04-26","128.39"
"2004-04-27","128.49"
"2004-04-28","128.58"
"2004-04-29","128.38"
"2004-04-30","126.38"
"2004-05-04","126.9"
"2004-05-05","127.52"
"2004-05-06","126.59"
"2004-05-07","126.03"
"2004-05-10","125.12"
"2004-05-11","122.8"
"2004-05-12","121.6"
"2004-05-13","122.7"
"2004-05-14","121.2"
"2004-05-17","121.84"
"2004-05-18","122.29"
"2004-05-19","123.36"
"2004-05-20","124.73"
"2004-05-21","124.81"
"2004-05-24","124.71"
"2004-05-25","124.36"
"2004-05-26","122.7"
"2004-05-27","124.53"
"2004-05-28","125.34"
"2004-05-31","125.95"
"2004-06-01","126.23"
"2004-06-02","125.67"
"2004-06-03","126.82"
"2004-06-04","126.49"
"2004-06-07","125.9"
"2004-06-08","126.73"
"2004-06-09","126.64"
"2004-06-11","125.42"
"2004-06-14","125.71"
"2004-06-15","124.21"
"2004-06-16","124.64"
"2004-06-17","124.43"
"2004-06-18","123.65"
"2004-06-21","123.77"
"2004-06-22","125.69"
"2004-06-23","125.53"
"2004-06-24","126.44"
"2004-06-25","126.71"
"2004-06-28","127.47"
"2004-06-29","128.06"
"2004-06-30","128.19"
"2004-07-01","127.85"
"2004-07-02","127.53"
"2004-07-05","127.14"
"2004-07-06","127.3"
"2004-07-07","126.67"
"2004-07-08","127.1"
"2004-07-09","127.64"
"2004-07-12","127.67"
"2004-07-13","127.34"
"2004-07-14","126.48"
"2004-07-15","125.78"
"2004-07-16","125.18"
"2004-07-19","126.54"
"2004-07-20","127.02"
"2004-07-21","127.37"
"2004-07-22","128.52"
"2004-07-23","127.56"
"2004-07-26","127.69"
"2004-07-27","127.78"
"2004-07-28","127.48"
"2004-07-29","126.63"
"2004-07-30","126.73"
"2004-08-02","126.8"
"2004-08-03","126.84"
"2004-08-04","127.56"
"2004-08-05","127.8"
"2004-08-06","128.41"
"2004-08-09","127.14"
"2004-08-10","126.31"
"2004-08-11","126.5"
"2004-08-12","124.81"
"2004-08-13","125.45"
"2004-08-16","125.5"
"2004-08-17","125.5"
"2004-08-18","126.47"
"2004-08-19","126.95"
"2004-08-20","127.08"
"2004-08-23","127.63"
"2004-08-24","127.89"
"2004-08-25","129.21"
"2004-08-26","128.1"
"2004-08-27","128.11"
"2004-08-30","129.05"
"2004-08-31","128.81"
"2004-09-01","129.07"
"2004-09-02","129.39"
"2004-09-03","129.85"
"2004-09-06","129.93"
"2004-09-07","130.44"
"2004-09-08","131.81"
"2004-09-09","131.99"
"2004-09-10","131.57"
"2004-09-13","132.24"
"2004-09-14","132.89"
"2004-09-15","132.89"
"2004-09-16","133.08"
"2004-09-17","133.07"
"2004-09-20","133.53"
"2004-09-21","133.43"
"2004-09-22","133.29"
"2004-09-23","132.93"
"2004-09-24","132.55"
"2004-09-27","131.75"
"2004-09-28","132.87"
"2004-09-29","133.76"
"2004-09-30","133.88"
"2004-10-01","134.05"
"2004-10-04","134.29"
"2004-10-05","136.06"
"2004-10-06","136.3"
"2004-10-07","136.52"
"2004-10-08","136.41"
"2004-10-11","135.32"
"2004-10-12","135.58"
"2004-10-13","133.52"
"2004-10-14","133.85"
"2004-10-15","133"
"2004-10-18","133.52"
"2004-10-19","132.93"
"2004-10-20","134.29"
"2004-10-21","133.69"
"2004-10-22","133.83"
"2004-10-25","133.81"
"2004-10-26","132.7"
"2004-10-27","133.04"
"2004-10-28","133.45"
"2004-10-29","133.58"
"2004-11-02","135.2"
"2004-11-03","136.18"
"2004-11-04","135.31"
"2004-11-05","135.15"
"2004-11-08","134.33"
"2004-11-09","133.64"
"2004-11-10","135.28"
"2004-11-12","135.84"
"2004-11-15","136.6"
"2004-11-16","136.24"
"2004-11-17","135.79"
"2004-11-18","136.16"
"2004-11-19","136.33"
"2004-11-22","136.23"
"2004-11-23","135.6"
"2004-11-24","134.65"
"2004-11-25","134.58"
"2004-11-26","135.72"
"2004-11-29","136.14"
"2004-11-30","136.26"
"2004-12-01","136.65"
"2004-12-02","137.66"
"2004-12-03","139.92"
"2004-12-06","139.62"
"2004-12-07","139.2"
"2004-12-08","139.9"
"2004-12-09","139.2"
"2004-12-10","138.16"
"2004-12-13","137.98"
"2004-12-14","138.31"
"2004-12-15","138.1"
"2004-12-16","138.78"
"2004-12-17","140.22"
"2004-12-20","140.44"
"2004-12-21","141.64"
"2004-12-22","140.95"
"2004-12-23","140.33"
"2004-12-24","140.11"
"2004-12-27","140.57"
"2004-12-28","141.03"
"2004-12-29","140.55"
"2004-12-30","142.26"
"2004-12-31","142.68"
"2005-01-03","143.49"
"2005-01-04","141.7"
"2005-01-05","140.38"
"2005-01-06","139.56"
"2005-01-07","139.42"
"2005-01-10","138.89"
"2005-01-11","138.61"
"2005-01-12","138.78"
"2005-01-13","139.42"
"2005-01-14","138.82"
"2005-01-17","138.82"
"2005-01-18","138.35"
"2005-01-19","136.66"
"2005-01-20","136.46"
"2005-01-21","136.15"
"2005-01-24","135.5"
"2005-01-25","136.97"
"2005-01-26","137.21"
"2005-01-27","138.3"
"2005-01-28","139.04"
"2005-01-31","139.83"
"2005-02-01","140.68"
"2005-02-02","140.65"
"2005-02-03","140.76"
"2005-02-04","141.2"
"2005-02-07","142.14"
"2005-02-08","142.62"
"2005-02-09","142.36"
"2005-02-10","142.56"
"2005-02-11","142.85"
"2005-02-14","142.71"
"2005-02-15","142.69"
"2005-02-16","145.38"
"2005-02-17","146.76"
"2005-02-18","147.8"
"2005-02-21","146.93"
"2005-02-22","146.54"
"2005-02-23","145.83"
"2005-02-24","146.54"
"2005-02-25","148.58"
"2005-02-28","149.04"
"2005-03-01","147.03"
"2005-03-02","145.87"
"2005-03-03","144.89"
"2005-03-04","145.51"
"2005-03-07","146.37"
"2005-03-08","145.83"
"2005-03-09","147.81"
"2005-03-10","146.42"
"2005-03-11","145.04"
"2005-03-14","143.61"
"2005-03-15","143.67"
"2005-03-16","142.14"
"2005-03-17","141.61"
"2005-03-18","141.75"
"2005-03-21","141.22"
"2005-03-22","140.49"
"2005-03-23","140.46"
"2005-03-24","141.79"
"2005-03-29","140.8"
"2005-03-30","141.55"
"2005-03-31","142.56"
"2005-04-01","142.9"
"2005-04-04","141.66"
"2005-04-05","142.58"
"2005-04-06","142.81"
"2005-04-07","142.58"
"2005-04-11","141.76"
"2005-04-12","141.97"
"2005-04-13","142.39"
"2005-04-14","140.63"
"2005-04-15","139.92"
"2005-04-18","138.73"
"2005-04-19","138.54"
"2005-04-20","138.61"
"2005-04-21","138.08"
"2005-04-22","139.06"
"2005-04-25","138.92"
"2005-04-26","138.05"
"2005-04-27","136.11"
"2005-04-28","135.96"
"2005-04-29","136.07"
"2005-05-02","135.53"
"2005-05-04","135.8"
"2005-05-05","136.16"
"2005-05-06","135.08"
"2005-05-09","135.43"
"2005-05-10","134.41"
"2005-05-11","134.05"
"2005-05-12","135.14"
"2005-05-13","134.55"
"2005-05-16","134.28"
"2005-05-17","134.18"
"2005-05-18","135.1"
"2005-05-19","136.51"
"2005-05-20","137.46"
"2005-05-23","137.26"
"2005-05-24","136.68"
"2005-05-25","137.07"
"2005-05-27","138.63"
"2005-05-30","139.13"
"2005-05-31","138.81"
"2005-06-01","138.2"
"2005-06-02","138.58"
"2005-06-03","139.02"
"2005-06-06","139.85"
"2005-06-07","140.45"
"2005-06-08","140.88"
"2005-06-09","140.78"
"2005-06-10","141.81"
"2005-06-13","142"
"2005-06-14","141.56"
"2005-06-15","141.34"
"2005-06-16","142.66"
"2005-06-17","143.02"
"2005-06-20","143.54"
"2005-06-21","143.13"
"2005-06-22","144.72"
"2005-06-23","144.78"
"2005-06-24","143.77"
"2005-06-27","142.36"
"2005-06-28","143.14"
"2005-06-29","143.57"
"2005-06-30","143.4"
"2005-07-01","144.09"
"2005-07-04","145.89"
"2005-07-05","146.18"
"2005-07-06","145.74"
"2005-07-07","143.97"
"2005-07-08","145.7"
"2005-07-11","145.96"
"2005-07-12","146.21"
"2005-07-13","147.27"
"2005-07-14","147.7"
"2005-07-15","147.63"
"2005-07-18","147.28"
"2005-07-19","146.15"
"2005-07-20","147.01"
"2005-07-21","146.36"
"2005-07-22","145.03"
"2005-07-25","145.86"
"2005-07-26","147.4"
"2005-07-27","147.76"
"2005-07-28","149.33"
"2005-07-29","151.25"
"2005-08-01","151.29"
"2005-08-02","153.21"
"2005-08-03","152.32"
"2005-08-04","150.95"
"2005-08-05","152.43"
"2005-08-08","152.63"
"2005-08-09","153"
"2005-08-10","153.73"
"2005-08-11","152.51"
"2005-08-12","151.51"
"2005-08-16","152.34"
"2005-08-17","151.57"
"2005-08-18","150.15"
"2005-08-19","149.71"
"2005-08-22","150.94"
"2005-08-23","150.21"
"2005-08-24","151.08"
"2005-08-25","149.97"
"2005-08-26","150.59"
"2005-08-29","151.27"
"2005-08-30","152.94"
"2005-08-31","152.99"
"2005-09-01","155"
"2005-09-02","155.31"
"2005-09-05","155.47"
"2005-09-06","155.27"
"2005-09-07","155.63"
"2005-09-08","155.32"
"2005-09-09","156.67"
"2005-09-12","157.34"
"2005-09-13","158.73"
"2005-09-14","157.42"
"2005-09-15","159.14"
"2005-09-16","161.94"
"2005-09-19","162.79"
"2005-09-20","163.64"
"2005-09-21","163.21"
"2005-09-22","163.66"
"2005-09-23","162.51"
"2005-09-26","161.62"
"2005-09-27","164.89"
"2005-09-28","164.68"
"2005-09-29","164.4"
"2005-09-30","164.67"
"2005-10-03","166.11"
"2005-10-04","168.29"
"2005-10-05","166.07"
"2005-10-06","162.89"
"2005-10-07","161.25"
"2005-10-10","161.61"
"2005-10-11","162.51"
"2005-10-12","162.16"
"2005-10-13","159.02"
"2005-10-14","156.98"
"2005-10-17","158.58"
"2005-10-18","158.54"
"2005-10-19","155.79"
"2005-10-20","156.55"
"2005-10-21","157.17"
"2005-10-24","158.01"
"2005-10-25","157.95"
"2005-10-26","159.3"
"2005-10-27","155.47"
"2005-10-28","155"
"2005-10-31","158.5"
"2005-11-02","160.05"
"2005-11-03","162.36"
"2005-11-04","163.36"
"2005-11-07","162.96"
"2005-11-08","162.57"
"2005-11-09","162.7"
"2005-11-10","162.77"
"2005-11-14","163.98"
"2005-11-15","163.41"
"2005-11-16","162.95"
"2005-11-17","165.62"
"2005-11-18","167.07"
"2005-11-21","166.38"
"2005-11-22","165.35"
"2005-11-23","165.27"
"2005-11-24","165.47"
"2005-11-25","165.27"
"2005-11-28","167.23"
"2005-11-29","166.35"
"2005-11-30","168"
"2005-12-01","168.89"
"2005-12-02","169.57"
"2005-12-05","171"
"2005-12-06","169.92"
"2005-12-07","170.37"
"2005-12-08","170.82"
"2005-12-09","170.49"
"2005-12-12","171.4"
"2005-12-13","171.53"
"2005-12-14","171.61"
"2005-12-15","174.02"
"2005-12-16","172.56"
"2005-12-19","173.5"
"2005-12-20","175.58"
"2005-12-21","175.51"
"2005-12-22","175.81"
"2005-12-23","176.58"
"2005-12-27","177.33"
"2005-12-28","177.43"
"2005-12-29","177.96"
"2005-12-30","176.66"
"2006-01-02","176.58"
"2006-01-03","181.84"
"2006-01-04","185.16"
"2006-01-05","186"
"2006-01-06","186.21"
"2006-01-09","190.53"
"2006-01-10","185.71"
"2006-01-11","188.39"
"2006-01-12","187.8"
"2006-01-13","186.05"
"2006-01-16","186.69"
"2006-01-17","188.45"
"2006-01-18","186.46"
"2006-01-19","191.33"
"2006-01-20","193.04"
"2006-01-23","191.94"
"2006-01-24","194.26"
"2006-01-25","195.53"
"2006-01-26","194.65"
"2006-01-27","193.89"
"2006-01-30","193.3"
"2006-01-31","191.24"
"2006-02-01","188.03"
"2006-02-02","189.1"
"2006-02-03","184.92"
"2006-02-06","186.85"
"2006-02-07","187.33"
"2006-02-08","188.3"
"2006-02-09","190.3"
"2006-02-10","188.71"
"2006-02-13","187.96"
"2006-02-14","187.66"
"2006-02-15","188.38"
"2006-02-16","188.17"
"2006-02-17","188.12"
"2006-02-20","192.68"
"2006-02-21","194.82"
"2006-02-22","194.27"
"2006-02-23","194.44"
"2006-02-24","194.84"
"2006-02-27","197.15"
"2006-02-28","196.08"
"2006-03-01","192.81"
"2006-03-02","194.69"
"2006-03-03","193.16"
"2006-03-06","194.1"
"2006-03-07","190.24"
"2006-03-08","189.31"
"2006-03-09","189.19"
"2006-03-10","187.81"
"2006-03-13","188.72"
"2006-03-14","187.77"
"2006-03-15","190.22"
"2006-03-16","191.71"
"2006-03-17","195.08"
"2006-03-20","194.87"
"2006-03-21","193.18"
"2006-03-22","191.83"
"2006-03-23","193.94"
"2006-03-24","196.06"
"2006-03-27","196.71"
"2006-03-28","196.62"
"2006-03-29","194.18"
"2006-03-30","197.97"
"2006-03-31","198.37"
"2006-04-03","199.68"
"2006-04-04","200.62"
"2006-04-05","202.97"
"2006-04-06","202.84"
"2006-04-07","206.21"
"2006-04-10","205.91"
"2006-04-11","205.05"
"2006-04-12","205.22"
"2006-04-13","208.46"
"2006-04-18","211.26"
"2006-04-19","211.89"
"2006-04-20","212.32"
"2006-04-21","215.76"
"2006-04-24","219.9"
"2006-04-25","218.13"
"2006-04-26","219.11"
"2006-04-27","219.39"
"2006-04-28","216.56"
"2006-05-02","218.55"
"2006-05-04","218.57"
"2006-05-05","220.59"
"2006-05-08","222.76"
"2006-05-09","222.59"
"2006-05-10","221.26"
"2006-05-11","223.1"
"2006-05-12","223.46"
"2006-05-15","217.66"
"2006-05-16","215.14"
"2006-05-17","218.32"
"2006-05-18","212.79"
"2006-05-19","212.76"
"2006-05-22","208.46"
"2006-05-23","193.74"
"2006-05-24","201.94"
"2006-05-25","196.33"
"2006-05-26","202.49"
"2006-05-29","204.36"
"2006-05-30","199.49"
"2006-05-31","200.05"
"2006-06-01","200.01"
"2006-06-02","205.45"
"2006-06-05","207.45"
"2006-06-06","204.52"
"2006-06-07","202.08"
"2006-06-08","197.93"
"2006-06-09","197.99"
"2006-06-12","189.75"
"2006-06-13","182.03"
"2006-06-14","180.62"
"2006-06-16","188.73"
"2006-06-19","186.79"
"2006-06-20","189.65"
"2006-06-21","190.41"
"2006-06-22","192.01"
"2006-06-23","188.59"
"2006-06-26","191.25"
"2006-06-27","195.77"
"2006-06-28","199.69"
"2006-06-29","202.53"
"2006-06-30","206.21"
"2006-07-03","205.17"
"2006-07-04","207.09"
"2006-07-05","207.05"
"2006-07-06","207.32"
"2006-07-07","214.65"
"2006-07-10","217.72"
"2006-07-11","217.19"
"2006-07-12","219.38"
"2006-07-13","217.19"
"2006-07-14","212.9"
"2006-07-17","210.55"
"2006-07-18","211.7"
"2006-07-19","212.83"
"2006-07-20","218.25"
"2006-07-21","218.85"
"2006-07-24","219.76"
"2006-07-25","222.85"
"2006-07-26","221.33"
"2006-07-27","226.44"
"2006-07-28","229.51"
"2006-07-31","230.42"
"2006-08-01","229.81"
"2006-08-02","225.68"
"2006-08-03","221.28"
"2006-08-04","221.06"
"2006-08-07","218.48"
"2006-08-08","220.88"
"2006-08-09","221.15"
"2006-08-10","222.22"
"2006-08-11","221.83"
"2006-08-14","217.02"
"2006-08-16","219.49"
"2006-08-17","219.87"
"2006-08-18","217.44"
"2006-08-21","218.68"
"2006-08-22","220.86"
"2006-08-23","220.89"
"2006-08-24","219.43"
"2006-08-25","217.23"
"2006-08-28","215.89"
"2006-08-29","219.31"
"2006-08-30","221.75"
"2006-08-31","221.63"
"2006-09-01","220.44"
"2006-09-04","223.71"
"2006-09-05","225.57"
"2006-09-06","225.59"
"2006-09-07","223.29"
"2006-09-08","223.94"
"2006-09-11","219.6"
"2006-09-12","221.13"
"2006-09-13","225.47"
"2006-09-14","225.35"
"2006-09-15","222.89"
"2006-09-18","225.6"
"2006-09-19","224.29"
"2006-09-20","221.83"
"2006-09-21","222.91"
"2006-09-22","220.6"
"2006-09-25","222.96"
"2006-09-26","224.64"
"2006-09-27","224.36"
"2006-09-28","224.41"
"2006-09-29","223.96"
"2006-10-02","223.18"
"2006-10-03","222.5"
"2006-10-04","222.7"
"2006-10-05","226.49"
"2006-10-06","227.09"
"2006-10-09","227.36"
"2006-10-10","233.4"
"2006-10-11","233.48"
"2006-10-12","234"
"2006-10-13","237.88"
"2006-10-16","239.03"
"2006-10-17","237.98"
"2006-10-18","238.78"
"2006-10-19","239.86"
"2006-10-20","241.59"
"2006-10-23","237.72"
"2006-10-24","238.73"
"2006-10-25","238.9"
"2006-10-26","241.7"
"2006-10-27","241.41"
"2006-10-30","236.64"
"2006-10-31","237.86"
"2006-11-02","235.78"
"2006-11-03","235.88"
"2006-11-06","239.73"
"2006-11-07","243.6"
"2006-11-08","243.44"
"2006-11-09","247.36"
"2006-11-10","245.79"
"2006-11-13","242.75"
"2006-11-14","241.94"
"2006-11-15","239.78"
"2006-11-16","238.68"
"2006-11-17","238.87"
"2006-11-20","238.36"
"2006-11-21","241.47"
"2006-11-22","245.59"
"2006-11-23","246.38"
"2006-11-24","244.94"
"2006-11-27","246.08"
"2006-11-28","244.42"
"2006-11-29","247.78"
"2006-11-30","251"
"2006-12-01","252.37"
"2006-12-04","253.25"
"2006-12-05","257.65"
"2006-12-06","259.47"
"2006-12-07","260.66"
"2006-12-08","259.87"
"2006-12-11","259.87"
"2006-12-12","258.62"
"2006-12-13","259.87"
"2006-12-14","259.68"
"2006-12-15","255.17"
"2006-12-18","258.23"
"2006-12-19","256.89"
"2006-12-20","253.76"
"2006-12-21","250.68"
"2006-12-22","251.08"
"2006-12-27","252.26"
"2006-12-28","252.91"
"2006-12-29","251.03"
"2007-01-02","254.76"
"2007-01-03","257.46"
"2007-01-04","253.55"
"2007-01-05","250.15"
"2007-01-08","248"
"2007-01-09","251.41"
"2007-01-10","250.38"
"2007-01-11","252.69"
"2007-01-12","257.26"
"2007-01-15","260.95"
"2007-01-16","262.53"
"2007-01-17","263.6"
"2007-01-18","270.3"
"2007-01-19","272.27"
"2007-01-22","275.09"
"2007-01-23","268.32"
"2007-01-24","272.3"
"2007-01-25","273.01"
"2007-01-26","268.92"
"2007-01-29","271.25"
"2007-01-30","269.72"
"2007-01-31","272.24"
"2007-02-01","276.34"
"2007-02-02","277.02"
"2007-02-05","277.29"
"2007-02-06","278.12"
"2007-02-07","277.11"
"2007-02-08","272.46"
"2007-02-09","270.02"
"2007-02-12","268.24"
"2007-02-13","267.54"
"2007-02-14","272.38"
"2007-02-15","272.24"
"2007-02-16","270.87"
"2007-02-19","273.2"
"2007-02-20","273.7"
"2007-02-21","276.22"
"2007-02-22","277.38"
"2007-02-23","278.3"
"2007-02-26","278.17"
"2007-02-27","269.72"
"2007-02-28","261.22"
"2007-03-01","264.36"
"2007-03-02","259.25"
"2007-03-05","252.86"
"2007-03-06","257.5"
"2007-03-07","261.28"
"2007-03-08","263.66"
"2007-03-09","265.51"
"2007-03-12","268.12"
"2007-03-13","268.05"
"2007-03-14","261.72"
"2007-03-15","268.16"
"2007-03-16","268.43"
"2007-03-19","273.89"
"2007-03-20","273.33"
"2007-03-21","276.56"
"2007-03-22","282.72"
"2007-03-23","282.69"
"2007-03-26","284.36"
"2007-03-27","284.51"
"2007-03-28","282.12"
"2007-03-29","282.41"
"2007-03-30","286.54"
"2007-04-02","284.43"
"2007-04-03","286.58"
"2007-04-04","289.75"
"2007-04-05","290.06"
"2007-04-10","293.35"
"2007-04-11","295.06"
"2007-04-12","291.19"
"2007-04-13","295.42"
"2007-04-16","299.2"
"2007-04-17","296.11"
"2007-04-18","300.91"
"2007-04-19","295.53"
"2007-04-20","300.07"
"2007-04-23","301.2"
"2007-04-24","299.7"
"2007-04-25","298.56"
"2007-04-26","300.66"
"2007-04-27","299.06"
"2007-04-30","298"
"2007-05-02","302.33"
"2007-05-04","306.46"
"2007-05-07","309.72"
"2007-05-08","308.48"
"2007-05-09","303.94"
"2007-05-10","302.6"
"2007-05-11","294.14"
"2007-05-14","303.66"
"2007-05-15","302.65"
"2007-05-16","299.19"
"2007-05-17","302.22"
"2007-05-18","300.11"
"2007-05-21","304.88"
"2007-05-22","308.56"
"2007-05-23","309.12"
"2007-05-24","307.08"
"2007-05-25","307.94"
"2007-05-28","311.6"
"2007-05-29","314.84"
"2007-05-30","312.17"
"2007-05-31","318.52"
"2007-06-01","319.98"
"2007-06-04","321.8"
"2007-06-05","324.33"
"2007-06-06","317.51"
"2007-06-08","311.23"
"2007-06-11","317.01"
"2007-06-12","316.77"
"2007-06-13","313.98"
"2007-06-14","320.49"
"2007-06-15","323.26"
"2007-06-18","325.64"
"2007-06-19","324.22"
"2007-06-20","327.21"
"2007-06-21","324.71"
"2007-06-22","326.71"
"2007-06-25","328.64"
"2007-06-26","330.98"
"2007-06-27","331.47"
"2007-06-28","331.14"
"2007-06-29","331.4"
"2007-07-02","328.36"
"2007-07-03","332"
"2007-07-04","335.02"
"2007-07-05","335.72"
"2007-07-06","338.84"
"2007-07-09","339.26"
"2007-07-10","334.83"
"2007-07-11","332.59"
"2007-07-12","332.12"
"2007-07-13","335.6"
"2007-07-16","328.79"
"2007-07-17","324.75"
"2007-07-18","328.83"
"2007-07-19","332.33"
"2007-07-20","331.04"
"2007-07-23","328.64"
"2007-07-24","330.92"
"2007-07-25","322.63"
"2007-07-26","326.06"
"2007-07-27","313.89"
"2007-07-30","314.38"
"2007-07-31","318.65"
"2007-08-01","310.72"
"2007-08-02","315.03"
"2007-08-03","312.98"
"2007-08-06","304.31"
"2007-08-07","310.58"
"2007-08-08","307.81"
"2007-08-09","307.55"
"2007-08-10","296.2"
"2007-08-13","294.47"
"2007-08-14","296.14"
"2007-08-16","276.46"
"2007-08-17","270.9"
"2007-08-20","284.46"
"2007-08-21","277.62"
"2007-08-22","283.64"
"2007-08-23","293.85"
"2007-08-24","292.62"
"2007-08-27","301.55"
"2007-08-28","297.86"
"2007-08-29","294.45"
"2007-08-30","299.66"
"2007-08-31","299.56"
"2007-09-03","302.33"
"2007-09-04","301.87"
"2007-09-05","303.74"
"2007-09-06","300.41"
"2007-09-07","298.92"
"2007-09-10","290.4"
"2007-09-11","291.44"
"2007-09-12","291.95"
"2007-09-13","295.51"
"2007-09-14","296.69"
"2007-09-17","294.8"
"2007-09-18","295.85"
"2007-09-19","305.06"
"2007-09-20","307.8"
"2007-09-21","308.56"
"2007-09-24","306.49"
"2007-09-25","301.76"
"2007-09-26","303.08"
"2007-09-27","304.95"
"2007-09-28","301.71"
"2007-10-01","295.63"
"2007-10-02","299.78"
"2007-10-03","300.05"
"2007-10-04","300.34"
"2007-10-05","300.7"
"2007-10-08","303.6"
"2007-10-09","305.67"
"2007-10-10","310.49"
"2007-10-11","310.94"
"2007-10-12","310.96"
"2007-10-15","314.44"
"2007-10-16","312.03"
"2007-10-17","310.14"
"2007-10-18","309.88"
"2007-10-19","308.42"
"2007-10-22","305.15"
"2007-10-23","308.42"
"2007-10-24","309.68"
"2007-10-25","310.42"
"2007-10-26","308.5"
"2007-10-29","311.28"
"2007-10-30","309.04"
"2007-10-31","308.75"
"2007-11-02","303.69"
"2007-11-05","301.05"
"2007-11-06","300.29"
"2007-11-07","295.66"
"2007-11-08","287.44"
"2007-11-09","288.76"
"2007-11-12","282.64"
"2007-11-13","280.66"
"2007-11-14","286.46"
"2007-11-15","277.3"
"2007-11-16","268.66"
"2007-11-19","272.98"
"2007-11-20","270.28"
"2007-11-21","266.92"
"2007-11-22","269.38"
"2007-11-23","276.66"
"2007-11-26","275.17"
"2007-11-27","270.77"
"2007-11-28","269.39"
"2007-11-29","278.51"
"2007-11-30","281.24"
"2007-12-03","280.47"
"2007-12-04","279.62"
"2007-12-05","284.06"
"2007-12-06","289.44"
"2007-12-07","287.95"
"2007-12-10","291.68"
"2007-12-11","288.15"
"2007-12-12","285.9"
"2007-12-13","287.74"
"2007-12-14","282.64"
"2007-12-17","277.25"
"2007-12-18","273.36"
"2007-12-19","271.76"
"2007-12-20","274.09"
"2007-12-21","278.07"
"2007-12-27","278.41"
"2007-12-28","278.21"
"2008-01-02","277.31"
"2008-01-03","274.33"
"2008-01-04","277.09"
"2008-01-07","270.01"
"2008-01-08","267.09"
"2008-01-09","263.62"
"2008-01-10","258.86"
"2008-01-11","256.32"
"2008-01-14","247.05"
"2008-01-15","246.77"
"2008-01-16","228.7"
"2008-01-17","231.66"
"2008-01-18","230.4"
"2008-01-21","228.24"
"2008-01-22","220.28"
"2008-01-23","227.31"
"2008-01-24","232.32"
"2008-01-25","236.47"
"2008-01-28","232.47"
"2008-01-29","238.48"
"2008-01-30","240.88"
"2008-01-31","240.69"
"2008-02-01","243.54"
"2008-02-04","249.58"
"2008-02-05","246.88"
"2008-02-06","237.69"
"2008-02-07","240.45"
"2008-02-08","238.55"
"2008-02-11","242.02"
"2008-02-12","244.79"
"2008-02-13","249.35"
"2008-02-14","252.12"
"2008-02-15","250.15"
"2008-02-18","251.55"
"2008-02-19","251.96"
"2008-02-20","250.47"
"2008-02-21","252.55"
"2008-02-22","249.91"
"2008-02-25","251.66"
"2008-02-26","250.41"
"2008-02-27","248.41"
"2008-02-28","245.34"
"2008-02-29","244.49"
"2008-03-03","235.29"
"2008-03-04","235.26"
"2008-03-05","236.36"
"2008-03-06","237.4"
"2008-03-07","232.81"
"2008-03-10","236.99"
"2008-03-11","237.57"
"2008-03-12","241.37"
"2008-03-13","236.51"
"2008-03-14","236.6"
"2008-03-17","230.02"
"2008-03-18","230.55"
"2008-03-19","234.54"
"2008-03-20","235.44"
"2008-03-25","240.14"
"2008-03-26","239.8"
"2008-03-27","242.54"
"2008-03-28","241.15"
"2008-03-31","239.5"
"2008-04-01","243.93"
"2008-04-02","246.48"
"2008-04-03","244.13"
"2008-04-04","243.23"
"2008-04-07","245.86"
"2008-04-08","243.62"
"2008-04-09","242.92"
"2008-04-10","242.56"
"2008-04-11","244.25"
"2008-04-14","237.55"
"2008-04-15","236.41"
"2008-04-16","237.26"
"2008-04-17","238.72"
"2008-04-18","238.63"
"2008-04-21","238.49"
"2008-04-22","235"
"2008-04-23","230.66"
"2008-04-24","231.49"
"2008-04-25","233.58"
"2008-04-28","235.66"
"2008-04-29","234.44"
"2008-04-30","233.91"
"2008-05-05","238.96"
"2008-05-06","240.08"
"2008-05-07","242.22"
"2008-05-08","240.44"
"2008-05-09","238.84"
"2008-05-12","240.36"
"2008-05-13","239.72"
"2008-05-14","241.1"
"2008-05-15","239.36"
"2008-05-16","239.22"
"2008-05-19","237.23"
"2008-05-20","235.8"
"2008-05-21","234.26"
"2008-05-23","231"
"2008-05-26","232.61"
"2008-05-27","232.43"
"2008-05-28","233"
"2008-05-29","233.09"
"2008-05-30","231.64"
"2008-06-02","229.86"
"2008-06-03","230.15"
"2008-06-04","229.57"
"2008-06-05","228.4"
"2008-06-06","229.69"
"2008-06-09","223.13"
"2008-06-10","220.57"
"2008-06-11","217.54"
"2008-06-12","214.79"
"2008-06-13","214.84"
"2008-06-16","218.14"
"2008-06-17","217.39"
"2008-06-18","216.14"
"2008-06-19","215.52"
"2008-06-20","216.95"
"2008-06-23","212.67"
"2008-06-24","210.44"
"2008-06-25","209.87"
"2008-06-26","209.49"
"2008-06-27","205.91"
"2008-06-30","204.42"
"2008-07-01","200.41"
"2008-07-02","198.41"
"2008-07-03","195.99"
"2008-07-04","195.15"
"2008-07-07","190.64"
"2008-07-08","187.98"
"2008-07-09","195.05"
"2008-07-10","193.42"
"2008-07-11","191.07"
"2008-07-14","186.55"
"2008-07-15","182.67"
"2008-07-16","180.13"
"2008-07-17","183.98"
"2008-07-18","185.98"
"2008-07-21","189.4"
"2008-07-22","192.49"
"2008-07-23","195.17"
"2008-07-24","197.93"
"2008-07-25","194.51"
"2008-07-28","198.25"
"2008-07-29","197.37"
"2008-07-30","202.06"
"2008-07-31","203.84"
"2008-08-01","202.65"
"2008-08-04","201.89"
"2008-08-05","202.93"
"2008-08-06","203.62"
"2008-08-07","203.29"
"2008-08-08","199.3"
"2008-08-11","200.46"
"2008-08-12","202.22"
"2008-08-13","201.92"
"2008-08-14","202.31"
"2008-08-18","200.25"
"2008-08-19","198.39"
"2008-08-20","196.31"
"2008-08-21","195.71"
"2008-08-22","197.61"
"2008-08-25","199.18"
"2008-08-26","196.76"
"2008-08-27","194.37"
"2008-08-28","194.08"
"2008-08-29","198.35"
"2008-09-01","198.3"
"2008-09-02","201.13"
"2008-09-03","202.36"
"2008-09-04","203.39"
"2008-09-05","198.91"
"2008-09-08","200.39"
"2008-09-09","199.36"
"2008-09-10","196.71"
"2008-09-11","193.96"
"2008-09-12","195.19"
"2008-09-15","189.57"
"2008-09-16","186.44"
"2008-09-17","183.24"
"2008-09-18","181.19"
"2008-09-19","186.63"
"2008-09-22","188.42"
"2008-09-23","184.56"
"2008-09-24","184.48"
"2008-09-25","185.5"
"2008-09-26","187.8"
"2008-09-29","184.12"
"2008-09-30","179.84"
"2008-10-01","185.76"
"2008-10-02","184.13"
"2008-10-03","179.59"
"2008-10-06","172.3"
"2008-10-07","167.36"
"2008-10-08","161.06"
"2008-10-09","165.56"
"2008-10-10","154.82"
"2008-10-13","157.59"
"2008-10-14","162.04"
"2008-10-15","155.99"
"2008-10-16","147.62"
"2008-10-17","145.53"
"2008-10-20","145.6"
"2008-10-21","147.72"
"2008-10-22","141.56"
"2008-10-23","131.84"
"2008-10-24","126.66"
"2008-10-27","124.09"
"2008-10-28","129.61"
"2008-10-29","135.93"
"2008-10-30","141.21"
"2008-10-31","139.12"
"2008-11-03","142.01"
"2008-11-04","144.76"
"2008-11-05","144.44"
"2008-11-06","140.07"
"2008-11-07","142.33"
"2008-11-10","144.49"
"2008-11-12","137.98"
"2008-11-13","134.73"
"2008-11-14","136.66"
"2008-11-17","133.63"
"2008-11-18","128.16"
"2008-11-19","129.76"
"2008-11-20","124.76"
"2008-11-21","126.51"
"2008-11-24","130.29"
"2008-11-25","133.44"
"2008-11-26","133.8"
"2008-11-27","135.18"
"2008-11-28","133.2"
"2008-12-01","130.09"
"2008-12-02","130.35"
"2008-12-03","130.37"
"2008-12-04","131.17"
"2008-12-05","131.23"
"2008-12-08","133.55"
"2008-12-09","136.04"
"2008-12-10","133.68"
"2008-12-11","133.2"
"2008-12-12","130.34"
"2008-12-15","130.76"
"2008-12-16","131.44"
"2008-12-17","131.6"
"2008-12-18","129.22"
"2008-12-19","129.12"
"2008-12-22","127.6"
"2008-12-23","127.03"
"2008-12-29","128.48"
"2008-12-30","129.6"
"2008-12-31","129.92"
"2009-01-05","133"
"2009-01-06","134.94"
"2009-01-07","135.26"
"2009-01-08","133.11"
"2009-01-09","131.65"
"2009-01-12","129.59"
"2009-01-13","126.77"
"2009-01-14","127.02"
"2009-01-15","123.92"
"2009-01-16","124.2"
"2009-01-19","124.31"
"2009-01-20","120.78"
"2009-01-21","118.95"
"2009-01-22","121.51"
"2009-01-23","117.58"
"2009-01-26","118.81"
"2009-01-27","119.61"
"2009-01-28","119.43"
"2009-01-29","118.62"
"2009-01-30","117.36"
"2009-02-02","115.18"
"2009-02-03","112.74"
"2009-02-04","112.39"
"2009-02-05","111.99"
"2009-02-06","114.38"
"2009-02-09","114.84"
"2009-02-10","116.97"
"2009-02-11","116.65"
"2009-02-12","113.67"
"2009-02-13","114.42"
"2009-02-16","111.26"
"2009-02-17","107.53"
"2009-02-18","102.36"
"2009-02-19","107.54"
"2009-02-20","104.96"
"2009-02-23","106.24"
"2009-02-24","104.38"
"2009-02-25","107.6"
"2009-02-26","104.61"
"2009-02-27","107.15"
"2009-03-02","104.76"
"2009-03-03","105.36"
"2009-03-04","107.34"
"2009-03-05","108.51"
"2009-03-06","108.53"
"2009-03-09","108.66"
"2009-03-10","109.63"
"2009-03-11","112.48"
"2009-03-12","110.18"
"2009-03-13","112.71"
"2009-03-16","112.48"
"2009-03-17","112.66"
"2009-03-18","111.72"
"2009-03-19","111.96"
"2009-03-20","112.3"
"2009-03-23","115.84"
"2009-03-24","116.83"
"2009-03-25","118.06"
"2009-03-26","122.29"
"2009-03-27","119.24"
"2009-03-30","116.52"
"2009-03-31","116.57"
"2009-04-01","115.14"
"2009-04-02","119.89"
"2009-04-03","124.61"
"2009-04-06","127.48"
"2009-04-07","124.78"
"2009-04-08","125.75"
"2009-04-09","127.82"
"2009-04-14","133.84"
"2009-04-15","130.86"
"2009-04-16","131.63"
"2009-04-17","130.16"
"2009-04-20","127.09"
"2009-04-21","127.74"
"2009-04-22","129.96"
"2009-04-23","131.14"
"2009-04-24","131.12"
"2009-04-27","132.36"
"2009-04-28","129.45"
"2009-04-29","132.43"
"2009-04-30","134.99"
"2009-05-04","138.43"
"2009-05-05","139.73"
"2009-05-06","138.58"
"2009-05-07","139.08"
"2009-05-08","136.45"
"2009-05-11","135.37"
"2009-05-12","137.98"
"2009-05-13","137.37"
"2009-05-14","135.08"
"2009-05-15","135.35"
"2009-05-18","135.43"
"2009-05-19","138.82"
"2009-05-20","139.07"
"2009-05-21","136.69"
"2009-05-22","135.13"
"2009-05-25","133.19"
"2009-05-26","132.67"
"2009-05-27","134.93"
"2009-05-28","134.1"
"2009-05-29","135.41"
"2009-06-01","139.25"
"2009-06-02","141.52"
"2009-06-03","140.66"
"2009-06-04","142.17"
"2009-06-05","142.05"
"2009-06-08","139.92"
"2009-06-09","141.42"
"2009-06-10","143.53"
"2009-06-12","145.12"
"2009-06-15","143.33"
"2009-06-16","142.46"
"2009-06-17","140.23"
"2009-06-18","140.3"
"2009-06-19","141.7"
"2009-06-22","136.75"
"2009-06-23","136.29"
"2009-06-24","137.04"
"2009-06-25","136.67"
"2009-06-26","137.33"
"2009-06-29","138.06"
"2009-06-30","138.06"
"2009-07-01","138.44"
"2009-07-02","137.24"
"2009-07-03","137.18"
"2009-07-06","136.11"
"2009-07-07","136.02"
"2009-07-08","135.55"
"2009-07-09","135.98"
"2009-07-10","135.03"
"2009-07-13","135.62"
"2009-07-14","139.23"
"2009-07-15","141.09"
"2009-07-16","141.09"
"2009-07-17","140.53"
"2009-07-20","144.69"
"2009-07-21","146.24"
"2009-07-22","144.75"
"2009-07-23","146.88"
"2009-07-24","148.9"
"2009-07-27","148.72"
"2009-07-28","146.98"
"2009-07-29","148.16"
"2009-07-30","152.84"
"2009-07-31","153.31"
"2009-08-03","154.51"
"2009-08-04","153.12"
"2009-08-05","150.44"
"2009-08-06","151.23"
"2009-08-07","152.96"
"2009-08-10","154.04"
"2009-08-11","152.26"
"2009-08-12","151.44"
"2009-08-13","153.81"
"2009-08-14","152.89"
"2009-08-17","149.1"
"2009-08-18","150.12"
"2009-08-19","151.56"
"2009-08-20","155.69"
"2009-08-21","159.95"
"2009-08-24","163.1"
"2009-08-25","164.58"
"2009-08-26","161.83"
"2009-08-27","160.37"
"2009-08-28","161.81"
"2009-08-31","160.86"
"2009-09-01","158.98"
"2009-09-02","153.56"
"2009-09-03","154.15"
"2009-09-04","154.4"
"2009-09-07","157.99"
"2009-09-08","157.39"
"2009-09-09","158.34"
"2009-09-10","156.95"
"2009-09-11","155.67"
"2009-09-14","152.91"
"2009-09-15","153.07"
"2009-09-16","154.91"
"2009-09-17","156.1"
"2009-09-18","155.74"
"2009-09-21","155.37"
"2009-09-22","160.7"
"2009-09-23","161.52"
"2009-09-24","160.62"
"2009-09-25","160.41"
"2009-09-28","161.24"
"2009-09-29","158.77"
"2009-09-30","158.34"
"2009-10-01","160.65"
"2009-10-02","156.27"
"2009-10-05","156.81"
"2009-10-06","159.81"
"2009-10-07","158.08"
"2009-10-08","158.84"
"2009-10-09","159.12"
"2009-10-12","159.91"
"2009-10-13","159.12"
"2009-10-14","162.13"
"2009-10-15","160.97"
"2009-10-16","160.65"
"2009-10-19","162.46"
"2009-10-20","163.77"
"2009-10-21","165.05"
"2009-10-22","165.13"
"2009-10-23","167.5"
"2009-10-26","166.07"
"2009-10-27","163.83"
"2009-10-28","161.18"
"2009-10-29","162.27"
"2009-10-30","161.1"
"2009-11-02","160.48"
"2009-11-03","157.75"
"2009-11-04","160.12"
"2009-11-05","162.08"
"2009-11-06","161.18"
"2009-11-09","164.41"
"2009-11-10","164.82"
"2009-11-12","165.77"
"2009-11-13","164.46"
"2009-11-16","167.33"
"2009-11-17","166.97"
"2009-11-18","164.34"
"2009-11-19","162.25"
"2009-11-20","162.95"
"2009-11-23","166.38"
"2009-11-24","164.25"
"2009-11-25","164.12"
"2009-11-26","161.96"
"2009-11-27","161.69"
"2009-11-30","163.43"
"2009-12-01","164.76"
"2009-12-02","165.31"
"2009-12-03","165.67"
"2009-12-04","168.48"
"2009-12-07","167.47"
"2009-12-08","164.76"
"2009-12-09","161.84"
"2009-12-10","161.68"
"2009-12-11","162.89"
"2009-12-14","163.9"
"2009-12-15","163.98"
"2009-12-16","164.6"
"2009-12-17","163.17"
"2009-12-18","163.16"
"2009-12-21","163.85"
"2009-12-22","165"
"2009-12-23","164.83"
"2009-12-28","166.14"
"2009-12-29","167.03"
"2009-12-30","165.77"
"2009-12-31","165.6"
"2010-01-04","168.64"
"2010-01-05","169.22"
"2010-01-06","169.92"
"2010-01-07","168.24"
"2010-01-08","168.72"
"2010-01-11","170.32"
"2010-01-12","168.84"
"2010-01-13","169.4"
"2010-01-14","169.34"
"2010-01-15","168.97"
"2010-01-18","170.16"
"2010-01-19","171"
"2010-01-20","171.21"
"2010-01-21","170.03"
"2010-01-22","166.94"
"2010-01-25","166.95"
"2010-01-26","165.52"
"2010-01-27","165"
"2010-01-28","164.83"
"2010-01-29","165.48"
"2010-02-01","164.54"
"2010-02-02","165.1"
"2010-02-03","165.75"
"2010-02-04","160.78"
"2010-02-05","156.67"
"2010-02-08","156.07"
"2010-02-09","157.15"
"2010-02-10","157.5"
"2010-02-11","155.79"
"2010-02-12","157.52"
"2010-02-15","159.81"
"2010-02-16","159.59"
"2010-02-17","161.68"
"2010-02-18","160.39"
"2010-02-19","160.34"
"2010-02-22","161.08"
"2010-02-23","159.67"
"2010-02-24","159.26"
"2010-02-25","157.35"
"2010-02-26","160.43"
"2010-03-01","161.67"
"2010-03-02","163.74"
"2010-03-03","164.19"
"2010-03-04","164.33"
"2010-03-05","165.91"
"2010-03-08","166.96"
"2010-03-09","166.64"
"2010-03-10","167.9"
"2010-03-11","167.72"
"2010-03-12","168.5"
"2010-03-15","167.72"
"2010-03-16","170.35"
"2010-03-17","171.76"
"2010-03-18","170.73"
"2010-03-19","170.55"
"2010-03-22","170.63"
"2010-03-23","171.49"
"2010-03-24","171.56"
"2010-03-25","173.64"
"2010-03-26","173.94"
"2010-03-29","173.79"
"2010-03-30","174.76"
"2010-03-31","174.52"
"2010-04-01","176.73"
"2010-04-06","177.85"
"2010-04-07","176.73"
"2010-04-08","174.68"
"2010-04-09","176.62"
"2010-04-12","177.3"
"2010-04-13","177.83"
"2010-04-14","180.27"
"2010-04-15","180.45"
"2010-04-16","178.66"
"2010-04-19","175.39"
"2010-04-20","177.06"
"2010-04-21","176.32"
"2010-04-22","173.72"
"2010-04-23","175.14"
"2010-04-26","178.28"
"2010-04-27","176.43"
"2010-04-28","173.97"
"2010-04-29","176.22"
"2010-04-30","177.25"
"2010-05-04","172.84"
"2010-05-05","169.71"
"2010-05-06","168.64"
"2010-05-07","164.85"
"2010-05-10","171.52"
"2010-05-11","170.08"
"2010-05-12","172.48"
"2010-05-13","172.28"
"2010-05-14","169.19"
"2010-05-17","169.51"
"2010-05-18","170.26"
"2010-05-19","165.79"
"2010-05-20","161.39"
"2010-05-21","161.91"
"2010-05-24","163.26"
"2010-05-25","160.14"
"2010-05-26","165.28"
"2010-05-27","166.89"
"2010-05-28","168.4"
"2010-05-31","169.17"
"2010-06-01","166.94"
"2010-06-02","167.45"
"2010-06-04","165.27"
"2010-06-07","163.57"
"2010-06-08","163.19"
"2010-06-09","163.9"
"2010-06-10","165.63"
"2010-06-11","165.41"
"2010-06-14","166.93"
"2010-06-15","167.04"
"2010-06-16","166.84"
"2010-06-17","165.69"
"2010-06-18","165.61"
"2010-06-21","167.13"
"2010-06-22","166.1"
"2010-06-23","163.88"
"2010-06-24","162.98"
"2010-06-25","163.53"
"2010-06-28","163.54"
"2010-06-29","160.98"
"2010-06-30","160.1"
"2010-07-01","159.91"
"2010-07-02","161.41"
"2010-07-05","161"
"2010-07-06","162.92"
"2010-07-07","162.78"
"2010-07-08","163.12"
"2010-07-09","163.22"
"2010-07-12","164.51"
"2010-07-13","165.92"
"2010-07-14","166.48"
"2010-07-15","166.73"
"2010-07-16","165.85"
"2010-07-19","165.98"
"2010-07-20","164.94"
"2010-07-21","167.79"
"2010-07-22","169.85"
"2010-07-23","170.54"
"2010-07-26","171.65"
"2010-07-27","171.19"
"2010-07-28","170.6"
"2010-07-29","171.02"
"2010-07-30","170.34"
"2010-08-02","173.33"
"2010-08-03","173.46"
"2010-08-04","173.79"
"2010-08-05","173.32"
"2010-08-06","173.62"
"2010-08-09","172.72"
"2010-08-10","170.92"
"2010-08-11","169.07"
"2010-08-12","169.45"
"2010-08-13","169.1"
"2010-08-16","170.48"
"2010-08-17","170.74"
"2010-08-18","170.24"
"2010-08-19","169.71"
"2010-08-20","169.04"
"2010-08-23","170.6"
"2010-08-24","167.78"
"2010-08-25","166.69"
"2010-08-26","167.15"
"2010-08-27","168.59"
"2010-08-30","168.16"
"2010-08-31","168.95"
"2010-09-01","169.6"
"2010-09-02","171.3"
"2010-09-03","172"
"2010-09-06","172.58"
"2010-09-07","171.85"
"2010-09-08","173.84"
"2010-09-09","174.32"
"2010-09-10","174.29"
"2010-09-13","175.83"
"2010-09-14","175.39"
"2010-09-15","175.44"
"2010-09-16","175.17"
"2010-09-17","175.14"
"2010-09-20","175.64"
"2010-09-21","176.84"
"2010-09-22","176.76"
"2010-09-23","175.82"
"2010-09-24","177.66"
"2010-09-27","176.86"
"2010-09-28","175.38"
"2010-09-29","175.99"
"2010-09-30","177.36"
"2010-10-01","177.28"
"2010-10-04","177.98"
"2010-10-05","179.25"
"2010-10-06","180.2"
"2010-10-07","178.52"
"2010-10-08","177.63"
"2010-10-11","178.33"
"2010-10-12","178.25"
"2010-10-13","181.03"
"2010-10-14","180.37"
"2010-10-15","179.49"
"2010-10-18","179.12"
"2010-10-19","177.14"
"2010-10-20","177.27"
"2010-10-21","178.62"
"2010-10-22","178.26"
"2010-10-25","178.73"
"2010-10-26","178.24"
"2010-10-27","178.94"
"2010-10-28","179.19"
"2010-10-29","180.05"
"2010-11-02","181.27"
"2010-11-03","180.73"
"2010-11-04","183.21"
"2010-11-05","183.64"
"2010-11-08","183.71"
"2010-11-09","185.98"
"2010-11-10","184.02"
"2010-11-12","184.36"
"2010-11-15","183.73"
"2010-11-16","181.18"
"2010-11-17","180.28"
"2010-11-18","180.63"
"2010-11-19","178.8"
"2010-11-22","178.23"
"2010-11-23","177.28"
"2010-11-24","177.88"
"2010-11-25","178.21"
"2010-11-26","177"
"2010-11-29","175.7"
"2010-11-30","175.94"
"2010-12-01","178.14"
"2010-12-02","179.99"
"2010-12-03","181.43"
"2010-12-06","183.36"
"2010-12-07","184.38"
"2010-12-08","184.86"
"2010-12-09","184.85"
"2010-12-10","185.12"
"2010-12-13","185.78"
"2010-12-14","185.09"
"2010-12-15","185.82"
"2010-12-16","184.58"
"2010-12-17","184.63"
"2010-12-20","184.22"
"2010-12-21","185.54"
"2010-12-22","185.38"
"2010-12-23","185.33"
"2010-12-27","184.88"
"2010-12-28","184.33"
"2010-12-29","186.32"
"2010-12-30","185.97"
"2010-12-31","185.52"
"2011-01-03","186.78"
"2011-01-04","185.85"
"2011-01-05","183.75"
"2011-01-07","182.87"
"2011-01-10","181.35"
"2011-01-11","182.56"
"2011-01-12","185.36"
"2011-01-13","185.33"
"2011-01-14","184.46"
"2011-01-17","185.14"
"2011-01-18","188.42"
"2011-01-19","187"
"2011-01-20","185.4"
"2011-01-21","186.17"
"2011-01-24","185.16"
"2011-01-25","184.27"
"2011-01-26","185.31"
"2011-01-27","185.83"
"2011-01-28","185.09"
"2011-01-31","184.83"
"2011-02-01","186.39"
"2011-02-02","185.9"
"2011-02-03","186.4"
"2011-02-04","186.69"
"2011-02-07","187.01"
"2011-02-08","186.47"
"2011-02-09","185.98"
"2011-02-10","183.68"
"2011-02-11","185.07"
"2011-02-14","184.87"
"2011-02-15","184.29"
"2011-02-16","183.52"
"2011-02-17","181.33"
"2011-02-18","182.08"
"2011-02-21","181.84"
"2011-02-22","180.86"
"2011-02-23","181.94"
"2011-02-24","181.19"
"2011-02-25","182.39"
"2011-02-28","184.76"
"2011-03-01","183.22"
"2011-03-02","183.75"
"2011-03-03","186.03"
"2011-03-04","186.28"
"2011-03-07","186.56"
"2011-03-08","186.39"
"2011-03-09","186.09"
"2011-03-10","184.81"
"2011-03-11","184.29"
"2011-03-14","184.57"
"2011-03-15","183.87"
"2011-03-16","183.15"
"2011-03-17","185.34"
"2011-03-18","186.6"
"2011-03-21","187.12"
"2011-03-22","185.94"
"2011-03-23","185.98"
"2011-03-24","187.08"
"2011-03-25","188.34"
"2011-03-28","189.07"
"2011-03-29","188.78"
"2011-03-30","188.4"
"2011-03-31","189.04"
"2011-04-01","191.55"
"2011-04-04","192.35"
"2011-04-05","192.59"
"2011-04-06","194.71"
"2011-04-07","194.83"
"2011-04-08","193.65"
"2011-04-11","193.7"
"2011-04-12","192.6"
"2011-04-13","194.14"
"2011-04-14","193.42"
"2011-04-15","193.93"
"2011-04-18","191.4"
"2011-04-19","192.15"
"2011-04-20","193.99"
"2011-04-21","193.22"
"2011-04-26","194.05"
"2011-04-27","193.19"
"2011-04-28","193.52"
"2011-04-29","192.54"
"2011-05-02","193.17"
"2011-05-04","190.78"
"2011-05-05","189.28"
"2011-05-06","189.51"
"2011-05-09","187.72"
"2011-05-10","188.85"
"2011-05-11","187.8"
"2011-05-12","186.21"
"2011-05-13","185.93"
"2011-05-16","186.2"
"2011-05-17","183.88"
"2011-05-18","184.49"
"2011-05-19","184.81"
"2011-05-20","185.5"
"2011-05-23","184.12"
"2011-05-24","184.78"
"2011-05-25","186.08"
"2011-05-26","186.46"
"2011-05-27","187.3"
"2011-05-30","187.45"
"2011-05-31","189.62"
"2011-06-01","189.2"
"2011-06-02","188.52"
"2011-06-03","188.04"
"2011-06-06","187.15"
"2011-06-07","188.15"
"2011-06-08","187.38"
"2011-06-09","186.78"
"2011-06-10","186.02"
"2011-06-13","186.11"
"2011-06-14","186.85"
"2011-06-15","186.12"
"2011-06-16","185.7"
"2011-06-17","186.18"
"2011-06-20","184.51"
"2011-06-21","184.54"
"2011-06-22","182.99"
"2011-06-24","183.15"
"2011-06-27","181.96"
"2011-06-28","181.77"
"2011-06-29","183.27"
"2011-06-30","183.75"
"2011-07-01","184.13"
"2011-07-04","183.67"
"2011-07-05","183.91"
"2011-07-06","182.36"
"2011-07-07","185.21"
"2011-07-08","184.14"
"2011-07-11","180.97"
"2011-07-12","179.83"
"2011-07-13","181.21"
"2011-07-14","179.9"
"2011-07-15","179.82"
"2011-07-18","175.67"
"2011-07-19","175.05"
"2011-07-20","174.96"
"2011-07-21","177.06"
"2011-07-22","178"
"2011-07-25","176.79"
"2011-07-26","176.29"
"2011-07-27","174.23"
"2011-07-28","175.32"
"2011-07-29","175.4"
"2011-08-01","174.99"
"2011-08-02","172.32"
"2011-08-03","165.77"
"2011-08-04","158.62"
"2011-08-05","155.47"
"2011-08-08","149.65"
"2011-08-09","143.51"
"2011-08-10","136.48"
"2011-08-11","141.54"
"2011-08-12","145.16"
"2011-08-16","149.55"
"2011-08-17","151.41"
"2011-08-18","141.4"
"2011-08-19","141.65"
"2011-08-22","144.58"
"2011-08-23","145.4"
"2011-08-24","145.4"
"2011-08-25","146.08"
"2011-08-26","146.43"
"2011-08-29","150"
"2011-08-30","152.36"
"2011-08-31","154.82"
"2011-09-01","151.9"
"2011-09-02","147.89"
"2011-09-05","142.05"
"2011-09-06","142.36"
"2011-09-07","147.06"
"2011-09-08","146.61"
"2011-09-09","141.38"
"2011-09-12","136.73"
"2011-09-13","137.89"
"2011-09-14","138.22"
"2011-09-15","141.91"
"2011-09-16","142.54"
"2011-09-19","140.36"
"2011-09-20","142.14"
"2011-09-21","142.18"
"2011-09-22","133.27"
"2011-09-23","131.94"
"2011-09-26","132.66"
"2011-09-27","136.93"
"2011-09-28","136.41"
"2011-09-29","137.69"
"2011-09-30","137.55"
"2011-10-03","134.97"
"2011-10-04","131.29"
"2011-10-05","134.08"
"2011-10-06","135.03"
"2011-10-07","136.05"
"2011-10-10","138.98"
"2011-10-11","139.1"
"2011-10-12","141.84"
"2011-10-13","139.83"
"2011-10-14","141.82"
"2011-10-17","141.31"
"2011-10-18","140.98"
"2011-10-19","141.38"
"2011-10-20","137.74"
"2011-10-21","141.68"
"2011-10-24","144.5"
"2011-10-25","142.87"
"2011-10-26","143.23"
"2011-10-27","146.75"
"2011-10-28","146.92"
"2011-10-31","145.56"
"2011-11-02","143.61"
"2011-11-03","144.92"
"2011-11-04","144.34"
"2011-11-07","144.56"
"2011-11-08","145.37"
"2011-11-09","142.28"
"2011-11-10","141.01"
"2011-11-14","141.95"
"2011-11-15","141.4"
"2011-11-16","142.02"
"2011-11-17","140.46"
"2011-11-18","138.01"
"2011-11-21","134.38"
"2011-11-22","134.46"
"2011-11-23","132.22"
"2011-11-24","132.21"
"2011-11-25","132.48"
"2011-11-28","134.64"
"2011-11-29","133.5"
"2011-11-30","137.91"
"2011-12-01","137.54"
"2011-12-02","137.4"
"2011-12-05","138.41"
"2011-12-06","136.34"
"2011-12-07","136.86"
"2011-12-08","135.39"
"2011-12-09","135.65"
"2011-12-12","133.23"
"2011-12-13","133.32"
"2011-12-14","132.94"
"2011-12-15","132.84"
"2011-12-16","131.22"
"2011-12-19","129.66"
"2011-12-20","131.37"
"2011-12-21","133.01"
"2011-12-22","133.05"
"2011-12-23","133.85"
"2011-12-27","134.06"
"2011-12-28","133.65"
"2011-12-29","133.95"
"2011-12-30","133.19"
"2012-01-02","135.01"
"2012-01-03","136.07"
"2012-01-04","134.91"
"2012-01-05","133.83"
"2012-01-09","133.04"
"2012-01-10","133.96"
"2012-01-11","133.3"
"2012-01-12","135"
"2012-01-13","134.75"
"2012-01-16","135.58"
"2012-01-17","137.62"
"2012-01-18","138.29"
"2012-01-19","138.83"
"2012-01-20","139.74"
"2012-01-23","140.67"
"2012-01-24","140.6"
"2012-01-25","140.94"
"2012-01-26","143.92"
"2012-01-27","144.48"
"2012-01-30","145"
"2012-01-31","146.01"
"2012-02-01","147.34"
"2012-02-02","147.81"
"2012-02-03","148.76"
"2012-02-06","150.69"
"2012-02-07","150.83"
"2012-02-08","151.71"
"2012-02-09","150.83"
"2012-02-10","149.01"
"2012-02-13","150.14"
"2012-02-14","149.5"
"2012-02-15","150.24"
"2012-02-16","149.96"
"2012-02-17","152.28"
"2012-02-20","152.21"
"2012-02-21","152.26"
"2012-02-22","150.64"
"2012-02-23","150.08"
"2012-02-24","150.35"
"2012-02-27","150.11"
"2012-02-28","151.07"
"2012-02-29","151.41"
"2012-03-01","151.07"
"2012-03-02","151.45"
"2012-03-05","149.74"
"2012-03-06","147.39"
"2012-03-07","148.73"
"2012-03-08","150.36"
"2012-03-09","150.3"
"2012-03-12","150.36"
"2012-03-13","151.22"
"2012-03-14","152.97"
"2012-03-15","154.02"
"2012-03-16","154.54"
"2012-03-19","153.84"
"2012-03-20","153.22"
"2012-03-21","153.15"
"2012-03-22","150.75"
"2012-03-23","151.81"
"2012-03-26","152.52"
"2012-03-27","153.14"
"2012-03-28","151.81"
"2012-03-29","150.23"
"2012-03-30","150.92"
"2012-04-02","152.15"
"2012-04-03","151.69"
"2012-04-04","149.42"
"2012-04-05","149.26"
"2012-04-10","146.99"
"2012-04-11","147.55"
"2012-04-12","149.08"
"2012-04-13","148.42"
"2012-04-16","148.07"
"2012-04-17","148.56"
"2012-04-18","146.91"
"2012-04-19","147.02"
"2012-04-20","146.08"
"2012-04-23","142.45"
"2012-04-24","142.6"
"2012-04-25","142.7"
"2012-04-26","143.42"
"2012-04-27","145.04"
"2012-04-30","145.65"
"2012-05-02","145.46"
"2012-05-04","145.13"
"2012-05-07","144.01"
"2012-05-08","142.56"
"2012-05-09","141.38"
"2012-05-10","141.53"
"2012-05-11","140.44"
"2012-05-14","137.55"
"2012-05-15","136.47"
"2012-05-16","135.79"
"2012-05-17","133.02"
"2012-05-18","132.22"
"2012-05-21","133.31"
"2012-05-22","134.37"
"2012-05-23","130.71"
"2012-05-24","130.13"
"2012-05-25","131.12"
"2012-05-28","131.64"
"2012-05-29","132.87"
"2012-05-30","132.19"
"2012-05-31","133.81"
"2012-06-01","131.3"
"2012-06-04","131.12"
"2012-06-05","129.84"
"2012-06-06","131.98"
"2012-06-08","134.05"
"2012-06-11","135.7"
"2012-06-12","137.93"
"2012-06-13","137.72"
"2012-06-14","137.52"
"2012-06-15","138.97"
"2012-06-18","138.93"
"2012-06-19","141.74"
"2012-06-20","140.99"
"2012-06-21","140.13"
"2012-06-22","139.87"
"2012-06-25","138.67"
"2012-06-26","139.56"
"2012-06-27","140.88"
"2012-06-28","139.57"
"2012-06-29","141.15"
"2012-07-02","140.17"
"2012-07-03","140.33"
"2012-07-04","140.11"
"2012-07-05","141.01"
"2012-07-06","140.99"
"2012-07-09","139.92"
"2012-07-10","139.96"
"2012-07-11","138.95"
"2012-07-12","138.52"
"2012-07-13","139.62"
"2012-07-16","139.12"
"2012-07-17","139.86"
"2012-07-18","139.96"
"2012-07-19","140.35"
"2012-07-20","139.12"
"2012-07-23","135.96"
"2012-07-24","136.54"
"2012-07-25","136.34"
"2012-07-26","136.25"
"2012-07-27","138.18"
"2012-07-30","139.4"
"2012-07-31","139.03"
"2012-08-01","138.94"
"2012-08-02","137.7"
"2012-08-03","139.51"
"2012-08-06","141.03"
"2012-08-07","140.94"
"2012-08-08","140.61"
"2012-08-09","142.1"
"2012-08-10","142.19"
"2012-08-13","142.55"
"2012-08-14","142.94"
"2012-08-16","144"
"2012-08-17","142.84"
"2012-08-20","142.3"
"2012-08-21","143.29"
"2012-08-22","142.25"
"2012-08-23","142.12"
"2012-08-24","141.9"
"2012-08-27","142.39"
"2012-08-28","141.76"
"2012-08-29","141.08"
"2012-08-30","140.36"
"2012-08-31","141.4"
"2012-09-03","141.71"
"2012-09-04","140.62"
"2012-09-05","141.08"
"2012-09-06","142.48"
"2012-09-07","143.77"
"2012-09-10","144.58"
"2012-09-11","144.53"
"2012-09-12","145.35"
"2012-09-13","145.57"
"2012-09-14","148.44"
"2012-09-17","148.09"
"2012-09-18","148.27"
"2012-09-19","148.72"
"2012-09-20","147.55"
"2012-09-21","147.74"
"2012-09-24","146.97"
"2012-09-25","148.15"
"2012-09-26","146.45"
"2012-09-27","147.3"
"2012-09-28","147.36"
"2012-10-01","148.74"
"2012-10-02","149.21"
"2012-10-03","149.27"
"2012-10-04","149.4"
"2012-10-05","151.46"
"2012-10-08","151.22"
"2012-10-09","150.62"
"2012-10-10","151.23"
"2012-10-11","152.06"
"2012-10-12","151.8"
"2012-10-15","152.11"
"2012-10-16","153.16"
"2012-10-17","153.38"
"2012-10-18","154.31"
"2012-10-19","152.53"
"2012-10-22","152.58"
"2012-10-23","151.07"
"2012-10-24","151.24"
"2012-10-25","151.09"
"2012-10-26","151.49"
"2012-10-29","151.52"
"2012-10-30","152.04"
"2012-10-31","152.41"
"2012-11-02","153.35"
"2012-11-05","152.98"
"2012-11-06","152.99"
"2012-11-07","152.09"
"2012-11-08","151.65"
"2012-11-09","151.05"
"2012-11-12","151.36"
"2012-11-13","151.7"
"2012-11-14","152.05"
"2012-11-15","151.45"
"2012-11-16","150.8"
"2012-11-19","152.53"
"2012-11-20","153.04"
"2012-11-21","152.42"
"2012-11-22","152.49"
"2012-11-23","152.92"
"2012-11-26","153.51"
"2012-11-27","154.23"
"2012-11-28","154.16"
"2012-11-29","154.73"
"2012-11-30","155.79"
"2012-12-03","156.78"
"2012-12-04","157.4"
"2012-12-05","158.1"
"2012-12-06","158.75"
"2012-12-07","158.45"
"2012-12-10","159.33"
"2012-12-11","160.13"
"2012-12-12","160.81"
"2012-12-13","161.1"
"2012-12-14","162.03"
"2012-12-17","161.97"
"2012-12-18","163.14"
"2012-12-19","164.52"
"2012-12-20","163.91"
"2012-12-21","163.15"
"2012-12-27","163.56"
"2012-12-28","163.35"
"2013-01-02","164.56"
"2013-01-03","165.83"
"2013-01-04","165.06"
"2013-01-07","164.95"
"2013-01-08","164.5"
"2013-01-09","164.68"
"2013-01-10","164.8"
"2013-01-11","165.02"
"2013-01-14","164.55"
"2013-01-15","163.54"
"2013-01-16","164.17"
"2013-01-17","165.18"
"2013-01-18","165.8"
"2013-01-21","166.65"
"2013-01-22","166.41"
"2013-01-23","166.48"
"2013-01-24","166.62"
"2013-01-25","166.75"
"2013-01-28","165.65"
"2013-01-29","164.91"
"2013-01-30","163.47"
"2013-01-31","163.56"
"2013-02-01","163.97"
"2013-02-04","163.03"
"2013-02-05","162.78"
"2013-02-06","161.13"
"2013-02-07","161.57"
"2013-02-08","162.29"
"2013-02-11","162.39"
"2013-02-12","162.35"
"2013-02-13","162.44"
"2013-02-14","162.26"
"2013-02-15","163.02"
"2013-02-18","162.87"
"2013-02-19","162.4"
"2013-02-20","161.69"
"2013-02-21","160.7"
"2013-02-22","161.13"
"2013-02-25","161.86"
"2013-02-26","160.98"
"2013-02-27","161.65"
"2013-02-28","161.6"
"2013-03-01","161.28"
"2013-03-04","160.51"
"2013-03-05","162"
"2013-03-06","162.03"
"2013-03-07","162.03"
"2013-03-08","163.14"
"2013-03-11","163.06"
"2013-03-12","163.06"
"2013-03-13","162.96"
"2013-03-14","163.89"
"2013-03-15","163.98"
"2013-03-18","162.91"
"2013-03-19","161.25"
"2013-03-20","161.32"
"2013-03-21","159.96"
"2013-03-22","158.84"
"2013-03-25","157.58"
"2013-03-26","158.4"
"2013-03-27","158.97"
"2013-03-28","158.84"
"2013-04-02","159.6"
"2013-04-03","157.99"
"2013-04-04","158.34"
"2013-04-05","158.16"
"2013-04-08","158.19"
"2013-04-09","158.35"
"2013-04-10","159.89"
"2013-04-11","161.55"
"2013-04-12","160.93"
"2013-04-15","159.25"
"2013-04-17","156.91"
"2013-04-18","155.3"
"2013-04-19","155.32"
"2013-04-22","154.58"
"2013-04-23","154.02"
"2013-04-24","154.59"
"2013-04-25","155.17"
"2013-04-26","155.57"
"2013-04-29","156.54"
"2013-04-30","156.79"
"2013-05-02","156.69"
"2013-05-06","158.75"
"2013-05-07","159.37"
"2013-05-08","160.64"
"2013-05-09","160.53"
"2013-05-10","160.91"
"2013-05-13","161.87"
"2013-05-14","162.94"
"2013-05-15","163.76"
"2013-05-16","164.2"
"2013-05-17","164.33"
"2013-05-20","164.61"
"2013-05-21","165.22"
"2013-05-22","165.61"
"2013-05-23","164.38"
"2013-05-24","165.37"
"2013-05-27","167.74"
"2013-05-28","169.42"
"2013-05-29","168.71"
"2013-05-31","169.33"
"2013-06-03","167.43"
"2013-06-04","169.23"
"2013-06-05","169.31"
"2013-06-06","168.21"
"2013-06-07","169.71"
"2013-06-10","170.61"
"2013-06-11","169.85"
"2013-06-12","170.14"
"2013-06-13","169.54"
"2013-06-14","169.78"
"2013-06-17","169.88"
"2013-06-18","169.87"
"2013-06-19","169.04"
"2013-06-20","164.67"
"2013-06-21","162.34"
"2013-06-24","161.51"
"2013-06-25","162.8"
"2013-06-26","162.87"
"2013-06-27","160.73"
"2013-06-28","161.56"
"2013-07-01","161.98"
"2013-07-02","163.49"
"2013-07-03","161.74"
"2013-07-04","163.55"
"2013-07-05","162.13"
"2013-07-08","162.06"
"2013-07-09","161.8"
"2013-07-10","163"
"2013-07-11","165.18"
"2013-07-12","166.56"
"2013-07-15","166.33"
"2013-07-16","166.3"
"2013-07-17","166.36"
"2013-07-18","167.15"
"2013-07-19","167.52"
"2013-07-22","166.62"
"2013-07-23","168.63"
"2013-07-24","169.27"
"2013-07-25","169.38"
"2013-07-26","168.97"
"2013-07-29","170.06"
"2013-07-30","170.53"
"2013-07-31","170.41"
"2013-08-01","172.52"
"2013-08-02","174.8"
"2013-08-05","175.54"
"2013-08-06","175.1"
"2013-08-07","175.75"
"2013-08-08","176.91"
"2013-08-09","178.02"
"2013-08-12","178.71"
"2013-08-13","179.92"
"2013-08-14","181.62"
"2013-08-16","180.53"
"2013-08-20","177.54"
"2013-08-21","177.55"
"2013-08-22","179.46"
"2013-08-23","179.43"
"2013-08-26","178.96"
"2013-08-27","174.97"
"2013-08-28","174.49"
"2013-08-29","176.35"
"2013-08-30","176.21"
"2013-09-02","179.04"
"2013-09-03","178.78"
"2013-09-04","176.74"
"2013-09-05","172.68"
"2013-09-06","175.65"
"2013-09-09","178.05"
"2013-09-10","181.48"
"2013-09-11","182.13"
"2013-09-12","182.71"
"2013-09-13","182.23"
"2013-09-16","181.79"
"2013-09-17","182.17"
"2013-09-18","182.69"
"2013-09-19","184.75"
"2013-09-20","184.43"
"2013-09-23","183.96"
"2013-09-24","184.55"
"2013-09-25","185.73"
"2013-09-26","186.89"
"2013-09-27","187.51"
"2013-09-30","186.45"
"2013-10-01","188.43"
"2013-10-02","188.47"
"2013-10-03","188.31"
"2013-10-04","188.91"
"2013-10-07","188.22"
"2013-10-08","187.02"
"2013-10-09","187.65"
"2013-10-10","191.07"
"2013-10-11","192.03"
"2013-10-14","191.87"
"2013-10-15","193.52"
"2013-10-16","193.32"
"2013-10-17","193.55"
"2013-10-18","193.77"
"2013-10-21","196.34"
"2013-10-22","197.52"
"2013-10-23","196.45"
"2013-10-24","197.54"
"2013-10-25","198.14"
"2013-10-28","198.7"
"2013-10-29","199.11"
"2013-10-30","199.2"
"2013-10-31","199"
"2013-11-04","200.29"
"2013-11-05","198.89"
"2013-11-06","199.63"
"2013-11-07","199.43"
"2013-11-08","197.82"
"2013-11-12","196.97"
"2013-11-13","194.61"
"2013-11-14","195.77"
"2013-11-15","197.8"
"2013-11-18","199.19"
"2013-11-19","198.65"
"2013-11-20","199.77"
"2013-11-21","199.33"
"2013-11-22","199.72"
"2013-11-25","201.68"
"2013-11-26","200.9"
"2013-11-27","202.16"
"2013-11-28","202.33"
"2013-11-29","203.5"
"2013-12-02","202.6"
"2013-12-03","200.29"
"2013-12-04","198.65"
"2013-12-05","198.22"
"2013-12-06","198.97"
"2013-12-09","199.59"
"2013-12-10","199.02"
"2013-12-11","199.21"
"2013-12-12","197.74"
"2013-12-13","197.58"
"2013-12-16","198.2"
"2013-12-17","196.19"
"2013-12-18","197.83"
"2013-12-19","197.6"
"2013-12-20","198.19"
"2013-12-23","199.69"
"2013-12-27","199.37"
"2013-12-30","200.36"
"2014-01-02","200.58"
"2014-01-03","200.73"
"2014-01-07","197.63"
"2014-01-08","198.2"
"2014-01-09","195.9"
"2014-01-10","196.52"
"2014-01-13","198.61"
"2014-01-14","199.18"
"2014-01-15","201.33"
"2014-01-16","201.37"
"2014-01-17","201.15"
"2014-01-20","201.77"
"2014-01-21","203.18"
"2014-01-22","204.78"
"2014-01-23","203.09"
"2014-01-24","200.65"
"2014-01-27","199.02"
"2014-01-28","201.03"
"2014-01-29","200.16"
"2014-01-30","200.89"
"2014-01-31","200.97"
"2014-02-03","201.07"
"2014-02-04","200.99"
"2014-02-05","202.07"
"2014-02-06","204.7"
"2014-02-07","204.51"
"2014-02-10","204.12"
"2014-02-11","206.66"
"2014-02-12","207.98"
"2014-02-13","207.9"
"2014-02-14","208.63"
"2014-02-17","209.46"
"2014-02-18","208.57"
"2014-02-19","208.86"
"2014-02-20","207.44"
"2014-02-21","208.89"
"2014-02-24","209.99"
"2014-02-25","209.37"
"2014-02-26","207.97"
"2014-02-27","208.79"
"2014-02-28","211.14"
"2014-03-03","202.67"
"2014-03-04","207.55"
"2014-03-05","206.95"
"2014-03-06","208.45"
"2014-03-07","207.32"
"2014-03-10","205.14"
"2014-03-11","205.71"
"2014-03-12","201.98"
"2014-03-13","199.28"
"2014-03-14","195.79"
"2014-03-17","200.51"
"2014-03-18","202.18"
"2014-03-19","201.73"
"2014-03-20","202.67"
"2014-03-21","202.46"
"2014-03-24","200.61"
"2014-03-25","202.54"
"2014-03-26","204.11"
"2014-03-27","204.33"
"2014-03-28","205.07"
"2014-03-31","206.73"
"2014-04-01","208.44"
"2014-04-02","208.9"
"2014-04-03","208.73"
"2014-04-04","209.76"
"2014-04-07","206.93"
"2014-04-08","205.52"
"2014-04-09","206.48"
"2014-04-10","206.43"
"2014-04-11","203.83"
"2014-04-14","200.67"
"2014-04-15","198.09"
"2014-04-16","198.09"
"2014-04-17","199.56"
"2014-04-22","202.37"
"2014-04-23","200.79"
"2014-04-24","200.43"
"2014-04-25","199.52"
"2014-04-28","199.36"
"2014-04-29","201.36"
"2014-04-30","202.59"
"2014-05-02","202.85"
"2014-05-05","201.66"
"2014-05-06","200.63"
"2014-05-07","200.27"
"2014-05-08","201.46"
"2014-05-09","199.13"
"2014-05-12","200.94"
"2014-05-13","202.88"
"2014-05-14","203.46"
"2014-05-15","201.78"
"2014-05-16","201.26"
"2014-05-19","201.6"
"2014-05-20","202.56"
"2014-05-21","203.32"
"2014-05-22","205.57"
"2014-05-23","205.74"
"2014-05-26","207.26"
"2014-05-27","207.45"
"2014-05-28","207.61"
"2014-05-29","208.84"
"2014-05-30","209.23"
"2014-06-02","209.42"
"2014-06-03","208.97"
"2014-06-04","209.17"
"2014-06-05","210.18"
"2014-06-06","211.44"
"2014-06-09","211.02"
"2014-06-10","211.83"
"2014-06-11","209.98"
"2014-06-12","209.85"
"2014-06-13","208.61"
"2014-06-16","208.57"
"2014-06-17","210.23"
"2014-06-18","210.57"
"2014-06-20","210.91"
"2014-06-23","210.18"
"2014-06-24","209.67"
"2014-06-25","207.86"
"2014-06-26","207.51"
"2014-06-27","207.85"
"2014-06-30","209.15"
"2014-07-01","209.11"
"2014-07-02","208.07"
"2014-07-03","208.14"
"2014-07-04","207.92"
"2014-07-07","207.24"
"2014-07-08","205.24"
"2014-07-09","203.38"
"2014-07-10","201.36"
"2014-07-11","202.54"
"2014-07-14","202.96"
"2014-07-15","201.2"
"2014-07-16","201.22"
"2014-07-17","199.71"
"2014-07-18","199.58"
"2014-07-21","199.22"
"2014-07-22","201.52"
"2014-07-23","200.33"
"2014-07-24","200.37"
"2014-07-25","198.51"
"2014-07-28","197.62"
"2014-07-29","197.59"
"2014-07-30","197.32"
"2014-07-31","195.64"
"2014-08-01","193.09"
"2014-08-04","192.99"
"2014-08-05","192.24"
"2014-08-06","189.94"
"2014-08-07","188.49"
"2014-08-08","185.59"
"2014-08-11","189.07"
"2014-08-12","189.86"
"2014-08-13","190.74"
"2014-08-14","191.93"
"2014-08-18","193.81"
"2014-08-19","196.82"
"2014-08-20","196.47"
"2014-08-21","197.5"
"2014-08-22","197.75"
"2014-08-25","198.76"
"2014-08-26","199.31"
"2014-08-27","200.38"
"2014-08-28","197.3"
"2014-08-29","197.98"
"2014-09-01","199.56"
"2014-09-02","198.99"
"2014-09-03","201.15"
"2014-09-04","202.84"
"2014-09-05","203.54"
"2014-09-08","203.6"
"2014-09-09","203.57"
"2014-09-10","202.84"
"2014-09-11","202.29"
"2014-09-12","201.32"
"2014-09-15","201.67"
"2014-09-16","201.86"
"2014-09-17","203.74"
"2014-09-18","205.35"
"2014-09-19","204.81"
"2014-09-22","203.58"
"2014-09-23","201.28"
"2014-09-24","201.5"
"2014-09-25","201.42"
"2014-09-26","201.4"
"2014-09-29","201.4"
"2014-09-30","202.13"
"2014-10-01","201.27"
"2014-10-02","198.1"
"2014-10-03","199.74"
"2014-10-06","201.19"
"2014-10-07","199.49"
"2014-10-08","196.86"
"2014-10-09","196.9"
"2014-10-10","191.89"
"2014-10-13","190.95"
"2014-10-14","191.59"
"2014-10-15","187.36"
"2014-10-16","186.1"
"2014-10-17","190.97"
"2014-10-20","191.02"
"2014-10-21","194.87"
"2014-10-22","196.01"
"2014-10-23","196.69"
"2014-10-24","197.16"
"2014-10-27","196.96"
"2014-10-28","198.54"
"2014-10-29","200.2"
"2014-10-30","201.14"
"2014-10-31","204.23"
"2014-11-03","204.39"
"2014-11-04","204.08"
"2014-11-05","205.36"
"2014-11-06","205.67"
"2014-11-07","204.4"
"2014-11-10","205.52"
"2014-11-12","203.65"
"2014-11-13","203.89"
"2014-11-14","203.22"
"2014-11-17","202.18"
"2014-11-18","204.09"
"2014-11-19","204.05"
"2014-11-20","204.12"
"2014-11-21","206.06"
"2014-11-24","206.61"
"2014-11-25","207.42"
"2014-11-26","208.37"
"2014-11-27","209.08"
"2014-11-28","209.13"
"2014-12-01","207.92"
"2014-12-02","208.44"
"2014-12-03","209.01"
"2014-12-04","207.77"
"2014-12-05","209.09"
"2014-12-08","208.58"
"2014-12-09","205.1"
"2014-12-10","204.27"
"2014-12-11","203.12"
"2014-12-12","201.13"
"2014-12-15","196.85"
"2014-12-16","196.18"
"2014-12-17","196.3"
"2014-12-18","200.17"
"2014-12-19","199.23"
"2014-12-22","199.67"
"2014-12-23","200.02"
"2014-12-29","199.72"
"2014-12-30","200.37"
"2015-01-02","201.98"
"2015-01-05","200.3"
"2015-01-07","200.43"
"2015-01-08","203.48"
"2015-01-09","203.16"
"2015-01-12","202.93"
"2015-01-13","204.75"
"2015-01-14","202.6"
"2015-01-15","201.59"
"2015-01-16","200.48"
"2015-01-19","200.8"
"2015-01-20","201.15"
"2015-01-21","202.52"
"2015-01-22","204.93"
"2015-01-23","206.66"
"2015-01-26","208"
"2015-01-27","206.57"
"2015-01-28","206.83"
"2015-01-29","207.93"
"2015-01-30","208.17"
"2015-02-02","206.63"
"2015-02-03","205.53"
"2015-02-04","205.83"
"2015-02-05","206.05"
"2015-02-06","206.48"
"2015-02-09","204.69"
"2015-02-10","206.54"
"2015-02-11","206.72"
"2015-02-12","208.49"
"2015-02-13","209.17"
"2015-02-16","210.36"
"2015-02-17","212.98"
"2015-02-18","215.05"
"2015-02-19","215.73"
"2015-02-20","216.67"
"2015-02-23","218.86"
"2015-02-24","219.71"
"2015-02-25","220.13"
"2015-02-26","220.81"
"2015-02-27","222.39"
"2015-03-02","223.82"
"2015-03-03","222.59"
"2015-03-04","223.26"
"2015-03-05","224.93"
"2015-03-06","225.7"
"2015-03-09","225.92"
"2015-03-10","224.55"
"2015-03-11","226.95"
"2015-03-12","227.56"
"2015-03-13","227.59"
"2015-03-16","229.37"
"2015-03-17","227.98"
"2015-03-18","227.35"
"2015-03-19","229.7"
"2015-03-20","231.2"
"2015-03-23","230.13"
"2015-03-24","230.24"
"2015-03-25","227.8"
"2015-03-26","226.25"
"2015-03-27","226.92"
"2015-03-30","229.73"
"2015-03-31","230.25"
"2015-04-01","230.2"
"2015-04-02","230.41"
"2015-04-07","231.76"
"2015-04-08","230.98"
"2015-04-09","233.04"
"2015-04-10","234.21"
"2015-04-13","233.93"
"2015-04-14","232.49"
"2015-04-15","230.85"
"2015-04-16","230.08"
"2015-04-17","228.13"
"2015-04-20","230.25"
"2015-04-21","231.4"
"2015-04-22","232.18"
"2015-04-23","231.84"
"2015-04-24","232.67"
"2015-04-27","234.96"
"2015-04-28","234.04"
"2015-04-29","230.14"
"2015-04-30","228.07"
"2015-05-04","230.03"
"2015-05-05","227.16"
"2015-05-06","226.86"
"2015-05-07","229.06"
"2015-05-08","233.13"
"2015-05-11","235.13"
"2015-05-12","233.23"
"2015-05-13","234.4"
"2015-05-14","235.84"
"2015-05-15","235.96"
"2015-05-18","236.35"
"2015-05-19","237.27"
"2015-05-20","237.65"
"2015-05-21","237.99"
"2015-05-22","236.99"
"2015-05-25","236.29"
"2015-05-26","234.61"
"2015-05-27","237.1"
"2015-05-28","236.5"
"2015-05-29","235.23"
"2015-06-01","234.91"
"2015-06-02","233.59"
"2015-06-03","233.98"
"2015-06-05","231.08"
"2015-06-08","228.57"
"2015-06-09","228.86"
"2015-06-10","229.53"
"2015-06-11","230.71"
"2015-06-12","228.81"
"2015-06-15","226.52"
"2015-06-16","228.11"
"2015-06-17","226.12"
"2015-06-18","226.59"
"2015-06-19","227.21"
"2015-06-22","231.66"
"2015-06-23","232.7"
"2015-06-24","232.15"
"2015-06-25","232.29"
"2015-06-26","231.62"
"2015-06-29","226.26"
"2015-06-30","227.01"
"2015-07-01","229.26"
"2015-07-02","228.77"
"2015-07-03","228.09"
"2015-07-06","226.92"
"2015-07-07","223.08"
"2015-07-08","222.04"
"2015-07-09","225.11"
"2015-07-10","229.37"
"2015-07-13","231.89"
"2015-07-14","231.46"
"2015-07-15","232.47"
"2015-07-16","234.82"
"2015-07-17","234.82"
"2015-07-20","234.62"
"2015-07-21","233.54"
"2015-07-22","231.47"
"2015-07-23","231.52"
"2015-07-24","230.33"
"2015-07-27","227.98"
"2015-07-28","228.57"
"2015-07-29","228.71"
"2015-07-30","228.43"
"2015-07-31","229.89"
"2015-08-03","230.75"
"2015-08-04","229.72"
"2015-08-05","232.38"
"2015-08-06","230.13"
"2015-08-07","229.01"
"2015-08-10","230.41"
"2015-08-11","230.08"
"2015-08-12","226.53"
"2015-08-13","228.44"
"2015-08-14","227.68"
"2015-08-17","227.02"
"2015-08-18","227.25"
"2015-08-19","226.54"
"2015-08-20","223.81"
"2015-08-21","219.56"
"2015-08-24","210.47"
"2015-08-25","216.8"
"2015-08-26","215.66"
"2015-08-27","219.44"
"2015-08-28","219.69"
"2015-08-31","220.77"
"2015-09-01","216.55"
"2015-09-02","216.45"
"2015-09-03","221"
"2015-09-04","218.79"
"2015-09-07","218.13"
"2015-09-08","220.09"
"2015-09-09","221"
"2015-09-10","220.79"
"2015-09-11","220.17"
"2015-09-14","219.67"
"2015-09-15","220.9"
"2015-09-16","222.08"
"2015-09-17","223.22"
"2015-09-18","221.62"
"2015-09-21","218.77"
"2015-09-22","214.71"
"2015-09-23","215.8"
"2015-09-24","213.19"
"2015-09-25","216.26"
"2015-09-28","213.41"
"2015-09-29","213.34"
"2015-09-30","216.46"
"2015-10-01","214.48"
"2015-10-02","214.98"
"2015-10-05","218.68"
"2015-10-06","220.13"
"2015-10-07","218.53"
"2015-10-08","220.45"
"2015-10-09","220.41"
"2015-10-12","220.84"
"2015-10-13","219.06"
"2015-10-14","215.91"
"2015-10-15","217.84"
"2015-10-16","218.49"
"2015-10-19","219.52"
"2015-10-20","219.6"
"2015-10-21","220.52"
"2015-10-22","221.63"
"2015-10-23","223.71"
"2015-10-26","221.16"
"2015-10-27","220.85"
"2015-10-28","222.32"
"2015-10-29","220.62"
"2015-10-30","221.19"
"2015-11-02","223.78"
"2015-11-03","223.92"
"2015-11-04","224.8"
"2015-11-05","224.64"
"2015-11-06","224.47"
"2015-11-09","223.8"
"2015-11-10","224.55"
"2015-11-12","224.06"
"2015-11-13","220.92"
"2015-11-16","218.78"
"2015-11-17","219.64"
"2015-11-18","219.17"
"2015-11-19","218.98"
"2015-11-20","219.29"
"2015-11-23","217.59"
"2015-11-24","213.71"
"2015-11-25","214.99"
"2015-11-26","217.23"
"2015-11-27","216.36"
"2015-11-30","216.8"
"2015-12-01","216.78"
"2015-12-02","216.85"
"2015-12-03","214.32"
"2015-12-04","214.11"
"2015-12-07","214.41"
"2015-12-08","210.86"
"2015-12-09","208.85"
"2015-12-10","208.54"
"2015-12-11","205.02"
"2015-12-14","202.49"
"2015-12-15","205.83"
"2015-12-16","205.56"
"2015-12-17","208.73"
"2015-12-18","207.95"
"2015-12-21","208.33"
"2015-12-22","208.36"
"2015-12-23","210.32"
"2015-12-28","210.3"
"2015-12-29","212.35"
"2015-12-30","212.16"
"2016-01-04","206.98"
"2016-01-05","207.6"
"2016-01-07","202.73"
"2016-01-08","200.84"
"2016-01-11","200.14"
"2016-01-12","203.39"
"2016-01-13","202.36"
"2016-01-14","200.02"
"2016-01-15","195.03"
"2016-01-18","193.75"
"2016-01-19","197.33"
"2016-01-20","193.01"
"2016-01-21","194.85"
"2016-01-22","198.58"
"2016-01-25","199.71"
"2016-01-26","199.72"
"2016-01-27","198.95"
"2016-01-28","196.73"
"2016-01-29","200.16"
"2016-02-01","201.24"
"2016-02-02","199.28"
"2016-02-03","197.01"
"2016-02-04","196.65"
"2016-02-05","194.42"
"2016-02-08","188.94"
"2016-02-09","185.64"
"2016-02-10","188.42"
"2016-02-11","184.07"
"2016-02-12","184.92"
"2016-02-15","189.41"
"2016-02-16","189.26"
"2016-02-17","195.67"
"2016-02-18","197.17"
"2016-02-19","197.64"
"2016-02-22","199.54"
"2016-02-23","199.4"
"2016-02-24","196.39"
"2016-02-25","199.4"
"2016-02-26","201.51"
"2016-02-29","202.86"
"2016-03-01","206.4"
"2016-03-02","205.78"
"2016-03-03","205.33"
"2016-03-04","207.66"
"2016-03-07","207.39"
"2016-03-08","205.02"
"2016-03-09","205.01"
"2016-03-10","203.28"
"2016-03-11","204.8"
"2016-03-14","205.18"
"2016-03-15","203.18"
"2016-03-16","204.7"
"2016-03-17","203.29"
"2016-03-18","204.17"
"2016-03-21","204.72"
"2016-03-22","204.43"
"2016-03-23","205.6"
"2016-03-24","205.06"
"2016-03-29","206.16"
"