date,value,fund_id
1998-01-05,99.72,4
1998-01-06,102.56,4
1998-01-07,106.18,4
1998-01-08,108.49,4
1998-01-09,112.83,4
1998-01-12,113.80,4
1998-01-13,117.87,4
1998-01-14,114.95,4
1998-01-15,119.46,4
1998-01-16,115.19,4
1998-01-19,116.61,4
1998-01-20,121.20,4
1998-01-21,121.42,4
1998-01-22,123.63,4
1998-01-23,125.86,4
1998-01-26,128.60,4
1998-01-27,129.25,4
1998-01-28,131.75,4
1998-01-29,136.35,4
1998-01-30,135.56,4
1998-02-02,133.30,4
1998-02-03,128.88,4
1998-02-04,128.90,4
1998-02-05,126.83,4
1998-02-06,122.15,4
1998-02-09,127.12,4
1998-02-10,124.68,4
1998-02-11,122.21,4
1998-02-12,121.07,4
1998-02-13,121.41,4
1998-02-16,116.92,4
1998-02-17,112.73,4
1998-02-18,111.21,4
1998-02-19,107.85,4
1998-02-20,110.30,4
1998-02-23,109.50,4
1998-02-24,104.55,4
1998-02-25,100.49,4
1998-02-26,98.12,4
1998-02-27,96.10,4
1998-03-02,98.72,4
1998-03-03,96.59,4
1998-03-04,95.72,4
1998-03-05,97.04,4
1998-03-06,100.05,4
1998-03-09,104.18,4
1998-03-10,102.69,4
1998-03-11,98.56,4
1998-03-12,94.27,4
1998-03-13,95.03,4
1998-03-16,91.34,4
1998-03-17,87.43,4
1998-03-18,90.78,4
1998-03-19,95.75,4
1998-03-20,95.65,4
1998-03-23,100.33,4
1998-03-24,99.66,4
1998-03-25,98.90,4
1998-03-26,95.45,4
1998-03-27,93.68,4
1998-03-30,88.88,4
1998-03-31,90.43,4
1998-04-01,93.26,4
1998-04-02,91.42,4
1998-04-06,88.75,4
1998-04-07,88.23,4
1998-04-08,83.26,4
1998-04-09,87.60,4
1998-04-14,89.85,4
1998-04-15,94.24,4
1998-04-16,95.75,4
1998-04-17,91.58,4
1998-04-20,91.62,4
1998-04-21,88.94,4
1998-04-22,84.62,4
1998-04-23,81.69,4
1998-04-24,79.99,4
1998-04-27,81.87,4
1998-05-18,77.34,4
1998-05-19,79.33,4
1998-05-20,80.70,4
1998-05-21,82.53,4
1998-05-22,79.92,4
1998-05-25,80.39,4
1998-05-26,78.02,4
1998-05-27,73.44,4
1998-05-28,69.62,4
1998-05-29,73.16,4
1998-06-01,70.50,4
1998-06-02,73.13,4
1998-06-03,71.76,4
1998-06-04,67.45,4
1998-06-05,66.08,4
1998-06-08,66.63,4
1998-06-09,70.21,4
1998-06-10,68.04,4
1998-06-15,70.93,4
1998-06-16,70.27,4
1998-06-17,70.81,4
1998-06-18,69.58,4
1998-06-19,70.23,4
1998-06-22,73.49,4
1998-06-23,70.11,4
1998-06-24,69.05,4
1998-06-25,64.11,4
1998-06-26,68.60,4
1998-06-29,66.51,4
1998-06-30,67.36,4
1998-07-01,65.11,4
1998-07-02,66.25,4
1998-07-03,63.88,4
1998-07-06,65.24,4
1998-07-07,60.32,4
1998-07-08,63.75,4
1998-07-09,64.97,4
1998-07-10,63.62,4
1998-07-13,65.87,4
1998-07-14,62.97,4
1998-07-15,60.35,4
1998-07-16,55.37,4
1998-07-17,52.65,4
1998-07-20,57.35,4
1998-07-21,54.77,4
1998-07-22,56.39,4
1998-07-23,60.85,4
1998-07-24,63.25,4
1998-07-27,58.76,4
1998-07-28,61.99,4
1998-07-29,65.84,4
1998-07-30,67.00,4
1998-07-31,65.61,4
1998-08-03,64.49,4
1998-08-04,61.02,4
1998-08-05,59.56,4
1998-08-06,57.16,4
1998-08-07,52.31,4
1998-08-10,56.43,4
1998-08-11,53.27,4
1998-08-12,56.99,4
1998-08-13,60.51,4
1998-08-14,65.12,4
1998-08-17,62.86,4
1998-08-18,60.54,4
1998-08-19,56.13,4
1998-08-20,58.13,4
1998-08-21,59.46,4
1998-08-24,56.57,4
1998-08-25,54.38,4
1998-08-26,52.24,4
1998-08-27,56.05,4
1998-08-28,57.15,4
1998-08-31,60.08,4
1998-09-01,57.89,4
1998-09-02,57.24,4
1998-09-03,58.26,4
1998-09-04,59.17,4
1998-09-07,57.42,4
1998-09-08,60.66,4
1998-09-09,60.32,4
1998-09-10,61.54,4
1998-09-11,63.57,4
1998-09-14,64.68,4
1998-09-15,69.68,4
1998-09-16,67.59,4
1998-09-17,69.41,4
1998-09-18,66.78,4
1998-09-21,67.23,4
1998-09-22,72.04,4
1998-09-23,68.31,4
1998-09-24,70.42,4
1998-09-25,69.79,4
1998-09-28,73.95,4
1998-09-29,69.93,4
1998-09-30,73.17,4
1998-10-01,74.76,4
1998-10-02,77.97,4
1998-10-05,74.51,4
1998-10-06,74.60,4
1998-10-07,72.04,4
1998-10-08,73.58,4
1998-10-09,75.54,4
1998-10-12,79.31,4
1998-10-13,81.27,4
1998-10-14,83.21,4
1998-10-15,79.63,4
1998-10-16,78.29,4
1998-10-19,77.11,4
1998-10-20,72.22,4
1998-10-21,75.43,4
1998-10-22,71.88,4
1998-10-23,73.55,4
1998-10-26,71.60,4
1998-10-27,73.38,4
1998-10-28,77.26,4
1998-10-29,81.66,4
1998-10-30,78.74,4
1998-11-02,81.91,4
1998-11-03,81.34,4
1998-11-04,86.10,4
1998-11-05,87.23,4
1998-11-06,85.58,4
1998-11-09,86.08,4
1998-11-10,90.10,4
1998-11-12,87.72,4
1998-11-13,90.47,4
1998-11-16,91.69,4
1998-11-17,94.47,4
1998-11-18,99.39,4
1998-11-19,101.30,4
1998-11-20,100.02,4
1998-11-23,99.47,4
1998-11-24,96.13,4
1998-11-25,98.03,4
1998-11-26,97.56,4
1998-11-27,93.69,4
1998-11-30,97.37,4
1998-12-01,101.50,4
1998-12-02,98.93,4
1998-12-03,96.41,4
1998-12-04,97.49,4
1998-12-07,94.55,4
1998-12-08,90.73,4
1998-12-09,89.31,4
1998-12-10,85.25,4
1998-12-11,82.66,4
1998-12-14,82.93,4
1998-12-15,85.97,4
1998-12-16,88.06,4
1998-12-17,84.53,4
1998-12-18,81.65,4
1998-12-21,77.69,4
1998-12-22,74.80,4
1998-12-23,73.49,4
1998-12-28,74.88,4
1998-12-29,77.97,4
1998-12-30,81.50,4
1998-12-31,78.40,4
1999-01-04,78.21,4
1999-01-05,77.40,4
1999-01-06,78.24,4
1999-01-07,75.67,4
1999-01-08,76.61,4
1999-01-11,75.76,4
1999-01-12,74.29,4
1999-01-13,78.34,4
1999-01-14,80.88,4
1999-01-15,81.31,4
1999-01-18,85.81,4
1999-01-19,85.84,4
1999-01-20,84.06,4
1999-01-21,80.72,4
1999-01-22,79.63,4
1999-01-25,75.97,4
1999-01-26,73.51,4
1999-01-27,70.06,4
1999-01-28,65.39,4
1999-01-29,66.08,4
1999-02-01,66.80,4
1999-02-02,64.71,4
1999-02-03,60.87,4
1999-02-04,63.71,4
1999-02-05,61.58,4
1999-02-08,65.71,4
1999-02-09,63.77,4
1999-02-10,59.85,4
1999-02-11,63.09,4
1999-02-12,63.34,4
1999-02-15,61.58,4
1999-02-16,64.06,4
1999-02-17,67.70,4
1999-02-18,69.33,4
1999-02-19,72.89,4
1999-02-22,71.29,4
1999-02-23,72.25,4
1999-02-24,69.64,4
1999-02-25,74.35,4
1999-02-26,73.39,4
1999-03-01,69.79,4
1999-03-02,67.89,4
1999-03-03,70.87,4
1999-03-04,75.29,4
1999-03-05,74.20,4
1999-03-08,76.12,4
1999-03-09,79.73,4
1999-03-10,83.03,4
1999-03-11,85.80,4
1999-03-12,84.86,4
1999-03-15,82.61,4
1999-03-16,81.00,4
1999-03-17,82.37,4
1999-03-18,86.07,4
1999-03-19,81.09,4
1999-03-22,81.33,4
1999-03-23,81.53,4
1999-03-24,84.70,4
1999-03-25,83.14,4
1999-03-26,79.08,4
1999-03-29,75.05,4
1999-03-30,76.43,4
1999-03-31,73.72,4
1999-04-01,78.28,4
1999-04-06,76.86,4
1999-04-07,80.13,4
1999-04-08,79.31,4
1999-04-09,81.49,4
1999-04-12,82.72,4
1999-04-13,78.38,4
1999-04-14,79.39,4
1999-04-15,82.80,4
1999-04-16,85.88,4
1999-04-19,85.37,4
1999-04-20,82.47,4
1999-04-21,85.08,4
1999-04-22,88.13,4
1999-04-23,90.40,4
1999-04-26,94.70,4
1999-04-27,92.68,4
1999-04-28,90.46,4
1999-04-29,90.65,4
1999-04-30,94.68,4
1999-05-04,97.12,4
1999-05-05,92.33,4
1999-05-06,93.06,4
1999-05-07,95.31,4
1999-05-10,91.46,4
1999-05-11,87.71,4
1999-05-12,89.10,4
1999-05-13,91.88,4
1999-05-14,87.30,4
1999-05-17,91.76,4
1999-05-18,91.44,4
1999-05-19,87.48,4
1999-05-20,84.77,4
1999-05-21,82.81,4
1999-05-24,83.05,4
1999-05-25,85.79,4
1999-05-26,82.70,4
1999-05-27,86.26,4
1999-05-28,88.52,4
1999-05-31,85.33,4
1999-06-01,89.98,4
1999-06-02,90.34,4
1999-06-07,92.56,4
1999-06-08,89.24,4
1999-06-09,85.80,4
1999-06-10,88.39,4
1999-06-11,91.48,4
1999-06-14,94.33,4
1999-06-15,89.92,4
1999-06-16,94.91,4
1999-06-17,98.61,4
1999-06-18,100.02,4
1999-06-21,100.13,4
1999-06-22,99.38,4
1999-06-23,94.70,4
1999-06-24,99.27,4
1999-06-25,97.75,4
1999-06-28,93.71,4
1999-06-29,98.37,4
1999-06-30,95.46,4
1999-07-01,98.93,4
1999-07-02,98.49,4
1999-07-05,100.00,4
1999-07-06,104.92,4
1999-07-07,100.43,4
1999-07-08,95.98,4
1999-07-09,93.66,4
1999-07-12,92.53,4
1999-07-13,92.35,4
1999-07-14,93.40,4
1999-07-15,89.82,4
1999-07-16,86.43,4
1999-07-19,90.82,4
1999-07-20,92.62,4
1999-07-21,93.32,4
1999-07-22,90.19,4
1999-07-23,92.38,4
1999-07-26,92.88,4
1999-07-27,89.24,4
1999-07-28,88.82,4
1999-07-29,92.93,4
1999-07-30,97.14,4
1999-08-02,99.57,4
1999-08-03,104.29,4
1999-08-04,101.39,4
1999-08-05,96.64,4
1999-08-06,97.52,4
1999-08-09,101.45,4
1999-08-10,104.57,4
1999-08-11,109.39,4
1999-08-12,112.88,4
1999-08-13,114.34,4
1999-08-16,113.58,4
1999-08-17,115.92,4
1999-08-18,120.56,4
1999-08-19,119.06,4
1999-08-20,114.77,4
1999-08-23,114.58,4
1999-08-24,113.14,4
1999-08-25,113.76,4
1999-08-26,114.88,4
1999-08-27,119.06,4
1999-08-30,115.44,4
1999-08-31,112.30,4
1999-09-01,109.44,4
1999-09-02,111.12,4
1999-09-03,107.41,4
1999-09-06,108.20,4
1999-09-07,105.59,4
1999-09-08,108.23,4
1999-09-09,109.15,4
1999-09-10,108.49,4
1999-09-13,113.36,4
1999-09-14,110.33,4
1999-09-15,111.83,4
1999-09-16,107.38,4
1999-09-17,111.94,4
1999-09-20,113.90,4
1999-09-21,109.20,4
1999-09-22,109.97,4
1999-09-23,106.94,4
1999-09-24,105.16,4
1999-09-27,107.46,4
1999-09-28,111.35,4
1999-09-29,113.88,4
1999-09-30,112.99,4
1999-10-01,111.08,4
1999-10-04,108.95,4
1999-10-05,108.94,4
1999-10-06,104.11,4
1999-10-07,105.68,4
1999-10-08,105.29,4
1999-10-11,103.48,4
1999-10-12,100.65,4
1999-10-13,98.62,4
1999-10-14,95.60,4
1999-10-15,90.67,4
1999-10-18,89.65,4
1999-10-19,93.40,4
1999-10-20,91.81,4
1999-10-21,88.72,4
1999-10-22,89.36,4
1999-10-25,84.51,4
1999-10-26,80.21,4
1999-10-27,77.36,4
1999-10-28,79.12,4
1999-10-29,74.18,4
1999-11-02,70.27,4
1999-11-03,71.09,4
1999-11-04,71.95,4
1999-11-05,75.59,4
1999-11-08,71.36,4
1999-11-09,71.46,4
1999-11-10,67.63,4
1999-11-15,64.60,4
1999-11-16,66.53,4
1999-11-17,61.59,4
1999-11-18,64.40,4
1999-11-19,67.84,4
1999-11-22,64.36,4
1999-11-23,64.75,4
1999-11-24,63.66,4
1999-11-25,65.27,4
1999-11-26,62.71,4
1999-11-29,61.65,4
1999-11-30,56.97,4
1999-12-01,59.91,4
1999-12-02,56.10,4
1999-12-03,56.10,4
1999-12-06,51.58,4
1999-12-07,53.25,4
1999-12-08,56.40,4
1999-12-09,54.96,4
1999-12-10,51.42,4
1999-12-13,51.59,4
1999-12-14,55.55,4
1999-12-15,58.26,4
1999-12-16,59.34,4
1999-12-17,61.32,4
1999-12-20,58.45,4
1999-12-21,60.71,4
1999-12-22,58.77,4
1999-12-23,58.35,4
1999-12-27,62.62,4
1999-12-28,57.78,4
1999-12-29,62.36,4
2000-01-03,63.76,4
2000-01-04,58.96,4
2000-01-05,57.81,4
2000-01-06,60.91,4
2000-01-07,64.21,4
2000-01-10,67.14,4
2000-01-11,70.39,4
2000-01-12,69.16,4
2000-01-13,70.17,4
2000-01-14,70.62,4
2000-01-17,71.11,4
2000-01-18,69.97,4
2000-01-19,74.09,4
2000-01-20,76.26,4
2000-01-21,79.73,4
2000-01-24,82.27,4
2000-01-25,85.37,4
2000-01-26,84.66,4
2000-01-27,85.21,4
2000-01-28,86.94,4
2000-01-31,84.19,4
2000-02-01,82.13,4
2000-02-02,80.55,4
2000-02-03,80.07,4
2000-02-04,78.36,4
2000-02-07,76.45,4
2000-02-08,78.75,4
2000-02-09,82.24,4
2000-02-10,85.30,4
2000-02-11,85.04,4
2000-02-14,83.22,4
2000-02-15,84.22,4
2000-02-16,83.87,4
2000-02-17,82.84,4
2000-02-18,82.65,4
2000-02-21,84.58,4
2000-02-22,86.53,4
2000-02-23,87.02,4
2000-02-24,83.24,4
2000-02-25,79.87,4
2000-02-28,78.58,4
2000-02-29,73.87,4
2000-03-01,70.19,4
2000-03-02,70.65,4
2000-03-03,65.93,4
2000-03-06,64.58,4
2000-03-07,69.02,4
2000-03-08,65.31,4
2000-03-09,62.85,4
2000-03-10,65.15,4
2000-03-13,62.59,4
2000-03-14,57.61,4
2000-03-15,56.96,4
2000-03-16,56.50,4
2000-03-17,52.21,4
2000-03-20,49.45,4
2000-03-21,45.51,4
2000-03-22,50.33,4
2000-03-23,52.32,4
2000-03-24,48.89,4
2000-03-27,47.83,4
2000-03-28,52.80,4
2000-03-29,57.73,4
2000-03-30,59.46,4
2000-03-31,56.33,4
2000-04-03,58.27,4
2000-04-04,62.53,4
2000-04-05,59.12,4
2000-04-06,55.07,4
2000-04-07,59.27,4
2000-04-10,54.40,4
2000-04-11,58.84,4
2000-04-12,61.32,4
2000-04-13,64.00,4
2000-04-14,62.70,4
2000-04-17,61.20,4
2000-04-18,64.82,4
2000-04-19,64.56,4
2000-04-20,60.44,4
2000-04-25,56.72,4
2000-04-26,57.67,4
2000-04-27,56.29,4
2000-04-28,61.22,4
2000-05-04,58.20,4
2000-05-05,53.55,4
2000-05-08,54.57,4
2000-05-09,58.86,4
2000-05-10,60.25,4
2000-05-11,58.91,4
2000-05-12,58.52,4
2000-05-15,55.52,4
2000-05-16,52.17,4
2000-05-17,53.63,4
2000-05-18,54.84,4
2000-05-19,59.10,4
2000-05-22,58.28,4
2000-05-23,56.71,4
2000-05-24,55.53,4
2000-05-25,56.01,4
2000-05-26,59.32,4
2000-05-29,55.27,4
2000-05-30,59.35,4
2000-05-31,61.11,4
2000-06-01,60.33,4
2000-06-02,56.18,4
2000-06-05,55.77,4
2000-06-06,54.97,4
2000-06-07,55.10,4
2000-06-08,57.10,4
2000-06-09,61.17,4
2000-06-12,58.66,4
2000-06-13,55.27,4
2000-06-14,55.04,4
2000-06-15,55.41,4
2000-06-16,50.48,4
2000-06-19,49.09,4
2000-06-20,49.25,4
2000-06-21,51.63,4
2000-06-23,52.19,4
2000-06-26,47.43,4
2000-06-27,44.39,4
2000-06-28,41.59,4
2000-06-29,44.74,4
2000-06-30,42.26,4
2000-07-03,37.30,4
2000-07-04,38.31,4
2000-07-05,34.35,4
2000-07-06,32.65,4
2000-07-07,31.43,4
2000-07-10,28.97,4
2000-07-11,24.17,4
2000-07-12,20.64,4
2000-07-13,18.22,4
2000-07-14,22.00,4
2000-07-17,25.41,4
2000-07-18,20.89,4
2000-07-19,19.53,4
2000-07-20,18.77,4
2000-07-21,20.67,4
2000-07-24,25.00,4
2000-07-25,21.95,4
2000-07-26,19.45,4
2000-07-27,17.04,4
2000-07-28,12.77,4
2000-07-31,14.35,4
2000-08-01,18.19,4
2000-08-02,22.33,4
2000-08-03,26.40,4
2000-08-04,22.03,4
2000-08-07,22.61,4
2000-08-08,22.01,4
2000-08-09,23.07,4
2000-08-10,23.76,4
2000-08-11,25.04,4
2000-08-14,27.58,4
2000-08-16,30.90,4
2000-08-17,27.78,4
2000-08-18,29.05,4
2000-08-21,31.00,4
2000-08-22,28.97,4
2000-08-23,26.54,4
2000-08-24,29.21,4
2000-08-25,30.61,4
2000-08-28,29.94,4
2000-08-29,27.72,4
2000-08-30,28.13,4
2000-08-31,25.37,4
2000-09-01,26.60,4
2000-09-04,30.43,4
2000-09-05,30.32,4
2000-09-06,25.88,4
2000-09-07,24.49,4
2000-09-08,25.19,4
2000-09-11,29.44,4
2000-09-12,32.13,4
2000-09-13,30.82,4
2000-09-14,26.89,4
2000-09-15,30.01,4
2000-09-18,30.97,4
2000-09-19,31.06,4
2000-09-20,34.52,4
2000-09-21,35.04,4
2000-09-22,37.11,4
2000-09-25,34.21,4
2000-09-26,31.57,4
2000-09-27,27.74,4
2000-09-28,27.54,4
2000-09-29,31.18,4
2000-10-02,30.07,4
2000-10-03,34.74,4
2000-10-04,32.18,4
2000-10-05,33.77,4
2000-10-06,30.89,4
2000-10-09,27.36,4
2000-10-10,25.51,4
2000-10-11,22.08,4
2000-10-12,19.00,4
2000-10-13,16.77,4
2000-10-16,16.31,4
2000-10-17,18.36,4
2000-10-18,16.57,4
2000-10-19,15.14,4
2000-10-20,17.94,4
2000-10-23,21.77,4
2000-10-24,25.06,4
2000-10-25,23.38,4
2000-10-26,26.24,4
2000-10-27,25.81,4
2000-10-30,24.12,4
2000-10-31,19.50,4
2000-11-02,20.68,4
2000-11-03,21.99,4
2000-11-06,17.17,4
2000-11-07,14.71,4
2000-11-08,14.80,4
2000-11-09,10.59,4
2000-11-10,11.14,4
2000-11-13,11.69,4
2000-11-14,8.43,4
2000-11-15,5.49,4
2000-11-16,9.09,4
2000-11-17,8.00,4
2000-11-20,9.13,4
2000-11-21,8.30,4
2000-11-22,4.84,4
2000-11-23,0.94,4
2000-11-24,4.29,4
2000-11-27,-0.37,4
2000-11-28,2.45,4
2000-11-29,-0.25,4
2000-11-30,3.75,4
2000-12-01,1.92,4
2000-12-04,-0.44,4
2000-12-05,-3.02,4
2000-12-06,-4.67,4
2000-12-07,0.29,4
2000-12-08,0.96,4
2000-12-11,-1.34,4
2000-12-12,1.67,4
2000-12-13,2.50,4
2000-12-14,-1.26,4
2000-12-15,-1.82,4
2000-12-18,-1.49,4
2000-12-19,-0.11,4
2000-12-20,-5.01,4
2000-12-21,-5.52,4
2000-12-22,-1.90,4
2000-12-27,1.83,4
2000-12-28,5.80,4
2000-12-29,0.91,4
2001-01-02,1.03,4
2001-01-03,2.88,4
2001-01-04,5.49,4
2001-01-05,7.81,4
2001-01-08,5.47,4
2001-01-09,6.62,4
2001-01-10,8.61,4
2001-01-11,4.53,4
2001-01-12,8.59,4
2001-01-15,9.30,4
2001-01-16,9.38,4
2001-01-17,6.47,4
2001-01-18,1.54,4
2001-01-19,1.43,4
2001-01-22,0.16,4
2001-01-23,0.26,4
2001-01-24,-0.03,4
2001-01-25,4.75,4
2001-01-26,1.96,4
2001-01-29,6.30,4
2001-01-30,4.34,4
2001-01-31,7.65,4
2001-02-01,7.59,4
2001-02-02,5.37,4
2001-02-05,3.01,4
2001-02-06,-0.41,4
2001-02-07,1.39,4
2001-02-08,0.54,4
2001-02-09,4.94,4
2001-02-12,2.07,4
2001-02-13,3.77,4
2001-02-14,0.36,4
2001-02-15,4.94,4
2001-02-16,5.28,4
2001-02-19,3.10,4
2001-02-20,6.74,4
2001-02-21,9.10,4
2001-02-22,7.85,4
2001-02-23,7.30,4
2001-02-26,11.64,4
2001-02-27,16.12,4
2001-02-28,16.94,4
2001-03-01,14.27,4
2001-03-02,10.75,4
2001-03-05,13.26,4
2001-03-06,14.70,4
2001-03-07,12.57,4
2001-03-08,15.11,4
2001-03-09,15.16,4
2001-03-12,12.02,4
2001-03-13,8.92,4
2001-03-14,8.37,4
2001-03-15,9.57,4
2001-03-16,9.16,4
2001-03-19,13.46,4
2001-03-20,10.87,4
2001-03-21,9.83,4
2001-03-22,12.67,4
2001-03-23,15.58,4
2001-03-26,12.23,4
2001-03-27,17.06,4
2001-03-28,18.19,4
2001-03-29,15.05,4
2001-03-30,18.37,4
2001-04-02,19.04,4
2001-04-03,19.68,4
2001-04-04,18.80,4
2001-04-05,22.07,4
2001-04-06,24.99,4
2001-04-09,28.49,4
2001-04-10,24.89,4
2001-04-11,25.79,4
2001-04-12,28.81,4
2001-04-17,33.37,4
2001-04-18,31.69,4
2001-04-19,30.86,4
2001-04-20,31.03,4
2001-04-23,26.10,4
2001-04-24,30.40,4
2001-04-25,32.27,4
2001-04-26,31.66,4
2001-04-27,32.09,4
2001-04-30,32.58,4
2001-05-02,30.55,4
2001-05-04,26.74,4
2001-05-07,27.90,4
2001-05-08,25.63,4
2001-05-09,30.38,4
2001-05-10,26.61,4
2001-05-11,22.00,4
2001-05-14,23.63,4
2001-05-15,24.26,4
2001-05-16,27.89,4
2001-05-17,29.36,4
2001-05-18,27.13,4
2001-05-21,30.74,4
2001-05-22,27.05,4
2001-05-23,30.25,4
2001-05-24,27.97,4
2001-05-25,28.57,4
2001-05-28,29.46,4
2001-05-29,30.53,4
2001-05-30,27.14,4
2001-05-31,27.35,4
2001-06-01,25.32,4
2001-06-04,29.36,4
2001-06-05,31.63,4
2001-06-06,27.16,4
2001-06-07,30.30,4
2001-06-08,30.20,4
2001-06-11,25.71,4
2001-06-12,21.92,4
2001-06-13,19.85,4
2001-06-15,16.41,4
2001-06-18,15.01,4
2001-06-19,11.63,4
2001-06-20,15.03,4
2001-06-21,11.44,4
2001-06-22,7.97,4
2001-06-25,12.69,4
2001-06-26,17.55,4
2001-06-27,19.15,4
2001-06-28,18.11,4
2001-06-29,16.01,4
2001-07-02,12.99,4
2001-07-03,11.91,4
2001-07-04,16.30,4
2001-07-05,15.18,4
2001-07-06,14.52,4
2001-07-09,17.99,4
2001-07-10,13.53,4
2001-07-11,17.82,4
2001-07-12,17.32,4
2001-07-13,17.55,4
2001-07-16,15.40,4
2001-07-17,19.19,4
2001-07-18,16.01,4
2001-07-19,16.05,4
2001-07-20,20.48,4
2001-07-23,20.91,4
2001-07-24,21.06,4
2001-07-25,21.90,4
2001-07-26,23.03,4
2001-07-27,19.34,4
2001-07-30,16.40,4
2001-07-31,18.59,4
2001-08-01,13.81,4
2001-08-02,17.32,4
2001-08-03,16.75,4
2001-08-06,16.36,4
2001-08-07,14.12,4
2001-08-08,18.02,4
2001-08-09,15.15,4
2001-08-10,14.17,4
2001-08-13,17.90,4
2001-08-14,22.02,4
2001-08-16,25.27,4
2001-08-17,22.85,4
2001-08-20,22.32,4
2001-08-21,19.50,4
2001-08-22,20.24,4
2001-08-23,18.77,4
2001-08-24,20.99,4
2001-08-27,23.12,4
2001-08-28,25.16,4
2001-08-29,27.19,4
2001-08-30,29.55,4
2001-08-31,26.96,4
2001-09-03,22.93,4
2001-09-04,21.55,4
2001-09-05,19.35,4
2001-09-06,18.77,4
2001-09-07,23.16,4
2001-09-10,23.97,4
2001-09-11,24.39,4
2001-09-12,25.34,4
2001-09-13,29.16,4
2001-09-14,28.13,4
2001-09-17,30.33,4
2001-09-18,28.68,4
2001-09-19,28.79,4
2001-09-20,26.29,4
2001-09-21,27.83,4
2001-09-24,25.96,4
2001-09-25,21.32,4
2001-09-26,25.05,4
2001-09-27,21.68,4
2001-09-28,25.09,4
2001-10-01,28.92,4
2001-10-02,25.62,4
2001-10-03,24.54,4
2001-10-04,24.86,4
2001-10-05,22.66,4
2001-10-08,17.71,4
2001-10-09,15.33,4
2001-10-10,14.71,4
2001-10-11,11.36,4
2001-10-12,14.64,4
2001-10-15,16.91,4
2001-10-16,14.76,4
2001-10-17,12.71,4
2001-10-18,13.69,4
2001-10-19,18.46,4
2001-10-22,18.28,4
2001-10-23,13.81,4
2001-10-24,11.51,4
2001-10-25,15.00,4
2001-10-26,15.96,4
2001-10-29,17.77,4
2001-10-30,13.66,4
2001-10-31,18.54,4
2001-11-02,18.12,4
2001-11-05,19.98,4
2001-11-06,16.74,4
2001-11-07,21.62,4
2001-11-08,22.80,4
2001-11-09,23.24,4
2001-11-12,22.65,4
2001-11-13,23.77,4
2001-11-14,22.26,4
2001-11-15,25.07,4
2001-11-16,24.91,4
2001-11-19,24.27,4
2001-11-20,21.81,4
2001-11-21,22.08,4
2001-11-22,26.96,4
2001-11-23,26.76,4
2001-11-26,24.32,4
2001-11-27,19.42,4
2001-11-28,15.98,4
2001-11-29,15.19,4
2001-11-30,13.94,4
2001-12-03,14.48,4
2001-12-04,14.23,4
2001-12-05,16.98,4
2001-12-06,16.86,4
2001-12-07,21.19,4
2001-12-10,20.15,4
2001-12-11,24.28,4
2001-12-12,22.23,4
2001-12-13,18.17,4
2001-12-14,16.44,4
2001-12-17,12.20,4
2001-12-18,14.73,4
2001-12-19,18.76,4
2001-12-20,14.98,4
2001-12-21,17.06,4
2001-12-27,14.44,4
2001-12-28,11.08,4
2001-12-31,9.68,4
2002-01-02,4.76,4
2002-01-03,7.71,4
2002-01-04,7.88,4
2002-01-07,7.18,4
2002-01-08,8.17,4
2002-01-09,4.19,4
2002-01-10,9.01,4
2002-01-11,4.31,4
2002-01-14,2.27,4
2002-01-15,-2.70,4
2002-01-16,0.01,4
2002-01-17,3.61,4
2002-01-18,5.58,4
2002-01-21,8.11,4
2002-01-22,9.52,4
2002-01-23,12.72,4
2002-01-24,9.02,4
2002-01-25,11.52,4
2002-01-28,8.48,4
2002-01-29,9.06,4
2002-01-30,11.03,4
2002-01-31,6.29,4
2002-02-01,11.28,4
2002-02-04,9.59,4
2002-02-05,12.16,4
2002-02-06,8.93,4
2002-02-07,11.51,4
2002-02-08,11.92,4
2002-02-11,11.11,4
2002-02-12,14.26,4
2002-02-13,11.80,4
2002-02-14,13.08,4
2002-02-15,11.52,4
2002-02-18,16.19,4
2002-02-19,16.61,4
2002-02-20,20.82,4
2002-02-21,20.83,4
2002-02-22,25.08,4
2002-02-25,20.10,4
2002-02-26,18.26,4
2002-02-27,15.60,4
2002-02-28,17.85,4
2002-03-01,20.64,4
2002-03-04,25.62,4
2002-03-05,30.29,4
2002-03-06,25.77,4
2002-03-07,21.35,4
2002-03-08,21.26,4
2002-03-11,18.85,4
2002-03-12,23.72,4
2002-03-13,27.38,4
2002-03-14,29.58,4
2002-03-15,32.70,4
2002-03-18,29.56,4
2002-03-19,33.71,4
2002-03-20,38.31,4
2002-03-21,37.62,4
2002-03-22,36.51,4
2002-03-25,36.05,4
2002-03-26,33.90,4
2002-03-27,31.46,4
2002-03-28,27.34,4
2002-04-02,24.91,4
2002-04-03,25.81,4
2002-04-04,25.66,4
2002-04-05,21.19,4
2002-04-08,22.64,4
2002-04-09,24.70,4
2002-04-10,27.73,4
2002-04-11,31.21,4
2002-04-12,33.55,4
2002-04-15,36.91,4
2002-04-16,37.47,4
2002-04-17,35.56,4
2002-04-18,36.42,4
2002-04-19,40.98,4
2002-04-22,37.63,4
2002-04-23,42.42,4
2002-04-24,40.21,4
2002-04-25,35.29,4
2002-04-26,35.14,4
2002-04-29,32.37,4
2002-04-30,31.00,4
2002-05-02,33.06,4
2002-05-06,30.66,4
2002-05-07,34.79,4
2002-05-08,37.62,4
2002-05-09,42.05,4
2002-05-10,37.94,4
2002-05-13,33.66,4
2002-05-14,30.81,4
2002-05-15,35.49,4
2002-05-16,39.33,4
2002-05-17,39.21,4
2002-05-20,36.03,4
2002-05-21,31.42,4
2002-05-22,28.91,4
2002-05-23,31.15,4
2002-05-24,33.93,4
2002-05-27,31.86,4
2002-05-28,33.00,4
2002-05-29,35.23,4
2002-05-31,31.49,4
2002-06-03,36.16,4
2002-06-04,37.24,4
2002-06-05,39.36,4
2002-06-06,43.99,4
2002-06-07,41.80,4
2002-06-10,38.67,4
2002-06-11,36.84,4
2002-06-12,39.92,4
2002-06-13,40.95,4
2002-06-14,44.20,4
2002-06-17,45.35,4
2002-06-18,41.04,4
2002-06-19,43.51,4
2002-06-20,39.14,4
2002-06-21,42.66,4
2002-06-24,39.44,4
2002-06-25,38.64,4
2002-06-26,38.57,4
2002-06-27,37.40,4
2002-06-28,36.73,4
2002-07-01,32.42,4
2002-07-02,30.72,4
2002-07-03,26.61,4
2002-07-04,28.20,4
2002-07-05,29.71,4
2002-07-08,29.79,4
2002-07-09,25.36,4
2002-07-10,25.37,4
2002-07-11,21.66,4
2002-07-12,21.10,4
2002-07-15,25.62,4
2002-07-16,30.04,4
2002-07-17,25.48,4
2002-07-18,27.56,4
2002-07-19,29.03,4
2002-07-22,33.53,4
2002-07-23,30.42,4
2002-07-24,32.39,4
2002-07-25,28.64,4
2002-07-26,32.63,4
2002-07-29,37.12,4
2002-07-30,33.18,4
2002-07-31,33.15,4
2002-08-01,33.21,4
2002-08-02,29.29,4
2002-08-05,27.49,4
2002-08-06,32.16,4
2002-08-07,32.13,4
2002-08-08,30.49,4
2002-08-09,30.26,4
2002-08-12,28.46,4
2002-08-13,32.21,4
2002-08-14,33.52,4
2002-08-16,37.76,4
2002-08-19,42.76,4
2002-08-20,46.14,4
2002-08-21,49.00,4
2002-08-22,51.98,4
2002-08-23,56.63,4
2002-08-26,61.43,4
2002-08-27,65.58,4
2002-08-28,61.03,4
2002-08-29,64.63,4
2002-08-30,62.85,4
2002-09-02,62.60,4
2002-09-03,64.92,4
2002-09-04,65.46,4
2002-09-05,63.24,4
2002-09-06,62.81,4
2002-09-09,66.50,4
2002-09-10,69.88,4
2002-09-11,65.49,4
2002-09-12,61.77,4
2002-09-13,64.52,4
2002-09-16,61.23,4
2002-09-17,60.62,4
2002-09-18,60.00,4
2002-09-19,55.61,4
2002-09-20,54.00,4
2002-09-23,56.74,4
2002-09-24,53.63,4
2002-09-25,54.49,4
2002-09-26,49.91,4
2002-09-27,49.04,4
2002-09-30,51.78,4
2002-10-01,52.82,4
2002-10-02,53.41,4
2002-10-03,53.86,4
2002-10-04,52.91,4
2002-10-07,51.98,4
2002-10-08,56.30,4
2002-10-09,61.16,4
2002-10-10,59.38,4
2002-10-11,58.28,4
2002-10-14,61.02,4
2002-10-15,62.11,4
2002-10-16,61.62,4
2002-10-17,65.25,4
2002-10-18,67.30,4
2002-10-21,69.00,4
2002-10-22,69.68,4
2002-10-23,66.87,4
2002-10-24,66.07,4
2002-10-25,69.81,4
2002-10-28,69.95,4
2002-10-29,67.84,4
2002-10-30,66.23,4
2002-10-31,65.67,4
2002-11-04,66.17,4
2002-11-05,68.59,4
2002-11-06,71.55,4
2002-11-07,72.65,4
2002-11-08,71.20,4
2002-11-12,68.02,4
2002-11-13,68.33,4
2002-11-14,68.90,4
2002-11-15,72.23,4
2002-11-18,73.22,4
2002-11-19,73.18,4
2002-11-20,75.67,4
2002-11-21,79.90,4
2002-11-22,82.86,4
2002-11-25,84.68,4
2002-11-26,89.63,4
2002-11-27,91.94,4
2002-11-28,89.30,4
2002-11-29,91.38,4
2002-12-02,93.47,4
2002-12-03,89.13,4
2002-12-04,91.77,4
2002-12-05,89.29,4
2002-12-06,87.28,4
2002-12-09,86.96,4
2002-12-10,88.50,4
2002-12-11,91.58,4
2002-12-12,96.15,4
2002-12-13,99.75,4
2002-12-16,100.71,4
2002-12-17,102.90,4
2002-12-18,107.32,4
2002-12-19,108.48,4
2002-12-20,112.79,4
2002-12-23,110.00,4
2002-12-27,112.20,4
2002-12-30,111.27,4
2002-12-31,112.25,4
2003-01-02,111.85,4
2003-01-03,109.48,4
2003-01-06,110.84,4
2003-01-07,110.59,4
2003-01-08,114.20,4
2003-01-09,112.95,4
2003-01-10,112.02,4
2003-01-13,108.49,4
2003-01-14,104.95,4
2003-01-15,101.42,4
2003-01-16,97.54,4
2003-01-17,97.82,4
2003-01-20,100.89,4
2003-01-21,96.49,4
2003-01-22,97.71,4
2003-01-23,100.76,4
2003-01-24,96.99,4
2003-01-27,95.93,4
2003-01-28,94.38,4
2003-01-29,93.47,4
2003-01-30,91.79,4
2003-01-31,89.79,4
2003-02-03,87.75,4
2003-02-04,84.61,4
2003-02-05,85.44,4
2003-02-06,90.24,4
2003-02-07,88.28,4
2003-02-10,92.40,4
2003-02-11,93.07,4
2003-02-12,94.46,4
2003-02-13,96.61,4
2003-02-14,95.66,4
2003-02-17,98.94,4
2003-02-18,94.12,4
2003-02-19,92.32,4
2003-02-20,96.08,4
2003-02-21,100.41,4
2003-02-24,97.85,4
2003-02-25,99.15,4
2003-02-26,96.39,4
2003-02-27,95.24,4
2003-02-28,93.65,4
2003-03-03,90.84,4
2003-03-04,86.05,4
2003-03-05,90.97,4
2003-03-06,89.94,4
2003-03-07,94.91,4
2003-03-10,96.43,4
2003-03-11,95.82,4
2003-03-12,98.07,4
2003-03-13,99.31,4
2003-03-14,100.32,4
2003-03-17,103.91,4
2003-03-18,106.32,4
2003-03-19,101.95,4
2003-03-20,103.48,4
2003-03-21,98.93,4
2003-03-24,98.40,4
2003-03-25,97.07,4
2003-03-26,98.41,4
2003-03-27,94.53,4
2003-03-28,89.96,4
2003-03-31,88.18,4
2003-04-01,83.45,4
2003-04-02,78.73,4
2003-04-03,81.83,4
2003-04-04,77.78,4
2003-04-07,81.17,4
2003-04-08,83.52,4
2003-04-09,87.59,4
2003-04-10,83.61,4
2003-04-11,80.91,4
2003-04-14,80.99,4
2003-04-15,85.74,4
2003-04-16,84.65,4
2003-04-17,82.61,4
2003-04-22,87.01,4
2003-04-23,82.45,4
2003-04-24,83.99,4
2003-04-25,86.16,4
2003-04-28,89.19,4
2003-04-29,90.79,4
2003-04-30,95.37,4
2003-05-02,94.90,4
2003-05-05,90.43,4
2003-05-06,89.16,4
2003-05-07,85.24,4
2003-05-08,89.29,4
2003-05-09,87.86,4
2003-05-12,88.32,4
2003-05-13,90.01,4
2003-05-14,92.55,4
2003-05-15,90.72,4
2003-05-16,91.14,4
2003-05-19,90.17,4
2003-05-20,94.04,4
2003-05-21,97.80,4
2003-05-22,93.40,4
2003-05-23,94.12,4
2003-05-26,97.62,4
2003-05-27,101.95,4
2003-05-28,104.73,4
2003-05-29,105.81,4
2003-05-30,104.30,4
2003-06-02,106.92,4
2003-06-03,103.36,4
2003-06-04,101.94,4
2003-06-05,105.23,4
2003-06-06,102.02,4
2003-06-09,104.09,4
2003-06-10,104.63,4
2003-06-11,100.90,4
2003-06-12,101.86,4
2003-06-13,101.23,4
2003-06-16,98.32,4
2003-06-17,100.82,4
2003-06-18,102.28,4
2003-06-20,98.30,4
2003-06-23,94.02,4
2003-06-24,91.28,4
2003-06-25,93.06,4
2003-06-26,89.48,4
2003-06-27,87.10,4
2003-06-30,86.19,4
2003-07-01,85.24,4
2003-07-02,85.37,4
2003-07-03,85.57,4
2003-07-04,84.85,4
2003-07-07,88.17,4
2003-07-08,84.51,4
2003-07-09,81.35,4
2003-07-10,85.78,4
2003-07-11,87.65,4
2003-07-14,89.87,4
2003-07-15,90.38,4
2003-07-16,89.43,4
2003-07-17,89.57,4
2003-07-18,93.18,4
2003-07-21,92.23,4
2003-07-22,87.81,4
2003-07-23,91.94,4
2003-07-24,94.76,4
2003-07-25,98.30,4
2003-07-28,94.32,4
2003-07-29,94.97,4
2003-07-30,96.28,4
2003-07-31,92.95,4
2003-08-01,89.00,4
2003-08-04,86.62,4
2003-08-05,89.35,4
2003-08-06,89.49,4
2003-08-07,90.14,4
2003-08-08,88.82,4
2003-08-11,92.98,4
2003-08-12,88.45,4
2003-08-13,92.76,4
2003-08-14,93.57,4
2003-08-18,90.44,4
2003-08-19,94.32,4
2003-08-20,95.40,4
2003-08-21,96.71,4
2003-08-22,99.18,4
2003-08-25,95.21,4
2003-08-26,93.83,4
2003-08-27,90.17,4
2003-08-28,92.45,4
2003-08-29,89.33,4
2003-09-01,90.02,4
2003-09-02,94.20,4
2003-09-03,92.47,4
2003-09-04,93.63,4
2003-09-05,96.67,4
2003-09-08,93.91,4
2003-09-09,94.73,4
2003-09-10,91.91,4
2003-09-11,89.47,4
2003-09-12,92.10,4
2003-09-15,96.47,4
2003-09-16,98.00,4
2003-09-17,96.13,4
2003-09-18,93.79,4
2003-09-19,88.92,4
2003-09-22,90.47,4
2003-09-23,86.84,4
2003-09-24,87.99,4
2003-09-25,89.10,4
2003-09-26,85.45,4
2003-09-29,88.99,4
2003-09-30,89.35,4
2003-10-01,87.19,4
2003-10-02,90.16,4
2003-10-03,85.83,4
2003-10-06,81.63,4
2003-10-07,86.30,4
2003-10-08,82.86,4
2003-10-09,83.15,4
2003-10-10,84.76,4
2003-10-13,84.65,4
2003-10-14,81.01,4
2003-10-15,81.61,4
2003-10-16,83.35,4
2003-10-17,84.92,4
2003-10-20,80.53,4
2003-10-21,77.23,4
2003-10-22,75.31,4
2003-10-23,76.19,4
2003-10-24,72.65,4
2003-10-27,71.66,4
2003-10-28,72.00,4
2003-10-29,69.07,4
2003-10-30,69.86,4
2003-10-31,72.25,4
2003-11-03,72.23,4
2003-11-04,69.25,4
2003-11-05,69.66,4
2003-11-06,66.47,4
2003-11-07,65.38,4
2003-11-10,61.73,4
2003-11-12,61.47,4
2003-11-13,63.26,4
2003-11-14,60.95,4
2003-11-17,62.39,4
2003-11-18,59.29,4
2003-11-19,56.84,4
2003-11-20,52.86,4
2003-11-21,50.80,4
2003-11-24,54.02,4
2003-11-25,55.91,4
2003-11-26,59.86,4
2003-11-27,56.18,4
2003-11-28,57.72,4
2003-12-01,58.88,4
2003-12-02,54.79,4
2003-12-03,50.07,4
2003-12-04,52.48,4
2003-12-05,57.30,4
2003-12-08,53.60,4
2003-12-09,55.01,4
2003-12-10,50.35,4
2003-12-11,51.52,4
2003-12-12,54.19,4
2003-12-15,52.71,4
2003-12-16,49.54,4
2003-12-17,46.76,4
2003-12-18,45.61,4
2003-12-19,44.81,4
2003-12-22,41.97,4
2003-12-23,40.59,4
2003-12-29,37.14,4
2003-12-30,40.93,4
2003-12-31,44.77,4
2004-01-02,43.60,4
2004-01-05,41.18,4
2004-01-06,41.18,4
2004-01-07,41.25,4
2004-01-08,38.19,4
2004-01-09,38.07,4
2004-01-12,37.16,4
2004-01-13,41.96,4
2004-01-14,37.92,4
2004-01-15,33.45,4
2004-01-16,33.66,4
2004-01-19,37.93,4
2004-01-20,38.71,4
2004-01-21,40.80,4
2004-01-22,42.89,4
2004-01-23,38.44,4
2004-01-26,39.23,4
2004-01-27,42.14,4
2004-01-28,38.99,4
2004-01-29,42.48,4
2004-01-30,44.19,4
2004-02-02,46.89,4
2004-02-03,47.34,4
2004-02-04,47.66,4
2004-02-05,52.31,4
2004-02-06,52.41,4
2004-02-09,51.32,4
2004-02-10,48.16,4
2004-02-11,47.68,4
2004-02-12,50.84,4
2004-02-13,55.20,4
2004-02-16,51.09,4
2004-02-17,53.53,4
2004-02-18,49.30,4
2004-02-19,51.13,4
2004-02-20,53.86,4
2004-02-23,57.67,4
2004-02-24,61.82,4
2004-02-25,66.69,4
2004-02-26,62.64,4
2004-02-27,63.16,4
2004-03-01,67.48,4
2004-03-02,65.42,4
2004-03-03,63.77,4
2004-03-04,65.22,4
2004-03-05,67.02,4
2004-03-08,69.99,4
2004-03-09,72.47,4
2004-03-10,69.37,4
2004-03-11,73.01,4
2004-03-12,68.78,4
2004-03-15,73.29,4
2004-03-16,70.88,4
2004-03-17,75.44,4
2004-03-18,77.52,4
2004-03-19,72.64,4
2004-03-22,73.22,4
2004-03-23,78.09,4
2004-03-24,76.16,4
2004-03-25,78.91,4
2004-03-26,77.70,4
2004-03-29,74.37,4
2004-03-30,70.90,4
2004-03-31,73.97,4
2004-04-01,77.02,4
2004-04-02,72.29,4
2004-04-05,67.80,4
2004-04-06,67.58,4
2004-04-07,65.33,4
2004-04-08,64.38,4
2004-04-13,65.03,4
2004-04-14,67.24,4
2004-04-15,66.39,4
2004-04-16,63.77,4
2004-04-19,67.90,4
2004-04-20,64.76,4
2004-04-21,63.79,4
2004-04-22,60.98,4
2004-04-23,56.49,4
2004-04-26,58.21,4
2004-04-27,53.62,4
2004-04-28,54.16,4
2004-04-29,57.41,4
2004-04-30,52.79,4
2004-05-04,55.02,4
2004-05-05,55.91,4
2004-05-06,55.58,4
2004-05-07,58.40,4
2004-05-10,62.67,4
2004-05-11,65.79,4
2004-05-12,67.93,4
2004-05-13,68.44,4
2004-05-14,65.96,4
2004-05-17,68.51,4
2004-05-18,71.22,4
2004-05-19,66.80,4
2004-05-20,66.38,4
2004-05-21,67.69,4
2004-05-24,67.98,4
2004-05-25,72.82,4
2004-05-26,77.00,4
2004-05-27,78.54,4
2004-05-28,83.41,4
2004-05-31,82.55,4
2004-06-01,83.70,4
2004-06-02,85.01,4
2004-06-03,82.79,4
2004-06-04,87.56,4
2004-06-07,87.31,4
2004-06-08,86.59,4
2004-06-09,86.70,4
2004-06-11,91.20,4
2004-06-14,90.49,4
2004-06-15,91.25,4
2004-06-16,89.18,4
2004-06-17,92.42,4
2004-06-18,94.98,4
2004-06-21,99.08,4
2004-06-22,99.33,4
2004-06-23,96.22,4
2004-06-24,91.92,4
2004-06-25,90.58,4
2004-06-28,92.50,4
2004-06-29,95.54,4
2004-06-30,90.86,4
2004-07-01,92.36,4
2004-07-02,94.78,4
2004-07-05,99.49,4
2004-07-06,94.89,4
2004-07-07,96.48,4
2004-07-08,94.41,4
2004-07-09,96.70,4
2004-07-12,98.89,4
2004-07-13,98.38,4
2004-07-14,97.14,4
2004-07-15,95.43,4
2004-07-16,98.80,4
2004-07-19,103.01,4
2004-07-20,102.64,4
2004-07-21,101.12,4
2004-07-22,103.62,4
2004-07-23,104.77,4
2004-07-26,106.16,4
2004-07-27,102.01,4
2004-07-28,106.56,4
2004-07-29,103.48,4
2004-07-30,105.52,4
2004-08-02,105.72,4
2004-08-03,108.44,4
2004-08-04,107.15,4
2004-08-05,109.49,4
2004-08-06,109.03,4
2004-08-09,111.48,4
2004-08-10,113.64,4
2004-08-11,114.04,4
2004-08-12,117.76,4
2004-08-13,121.28,4
2004-08-16,122.23,4
2004-08-17,117.63,4
2004-08-18,114.31,4
2004-08-19,118.09,4
2004-08-20,116.46,4
2004-08-23,120.47,4
2004-08-24,124.27,4
2004-08-25,128.08,4
2004-08-26,131.80,4
2004-08-27,135.29,4
2004-08-30,135.41,4
2004-08-31,134.27,4
2004-09-01,130.18,4
2004-09-02,133.65,4
2004-09-03,130.70,4
2004-09-06,133.88,4
2004-09-07,136.28,4
2004-09-08,140.89,4
2004-09-09,145.28,4
2004-09-10,143.17,4
2004-09-13,143.37,4
2004-09-14,140.53,4
2004-09-15,145.20,4
2004-09-16,140.30,4
2004-09-17,137.40,4
2004-09-20,138.41,4
2004-09-21,137.19,4
2004-09-22,137.27,4
2004-09-23,139.14,4
2004-09-24,135.21,4
2004-09-27,133.26,4
2004-09-28,136.94,4
2004-09-29,132.69,4
2004-09-30,137.60,4
2004-10-01,141.53,4
2004-10-04,141.75,4
2004-10-05,139.48,4
2004-10-06,137.20,4
2004-10-07,132.25,4
2004-10-08,133.29,4
2004-10-11,133.77,4
2004-10-12,137.29,4
2004-10-13,141.75,4
2004-10-14,141.68,4
2004-10-15,139.38,4
2004-10-18,139.26,4
2004-10-19,139.85,4
2004-10-20,141.06,4
2004-10-21,145.65,4
2004-10-22,143.62,4
2004-10-25,147.79,4
2004-10-26,151.58,4
2004-10-27,153.34,4
2004-10-28,155.85,4
2004-10-29,157.32,4
2004-11-02,159.03,4
2004-11-03,161.69,4
2004-11-04,165.99,4
2004-11-05,170.16,4
2004-11-08,171.41,4
2004-11-09,170.75,4
2004-11-10,175.02,4
2004-11-12,174.02,4
2004-11-15,171.98,4
2004-11-16,169.58,4
2004-11-17,171.25,4
2004-11-18,172.23,4
2004-11-19,172.26,4
2004-11-22,176.59,4
2004-11-23,179.61,4
2004-11-24,180.72,4
2004-11-25,183.11,4
2004-11-26,184.40,4
2004-11-29,184.32,4
2004-11-30,187.30,4
2004-12-01,185.68,4
2004-12-02,188.10,4
2004-12-03,183.95,4
2004-12-06,187.50,4
2004-12-07,182.74,4
2004-12-08,186.30,4
2004-12-09,190.50,4
2004-12-10,189.64,4
2004-12-13,190.15,4
2004-12-14,187.72,4
2004-12-15,189.10,4
2004-12-16,187.55,4
2004-12-17,182.73,4
2004-12-20,187.66,4
2004-12-21,188.52,4
2004-12-22,187.85,4
2004-12-23,183.38,4
2004-12-24,186.61,4
2004-12-27,186.82,4
2004-12-28,186.51,4
2004-12-29,186.28,4
2004-12-30,185.20,4
2004-12-31,187.13,4
2005-01-03,187.09,4
2005-01-04,182.44,4
2005-01-05,182.95,4
2005-01-06,181.13,4
2005-01-07,177.46,4
2005-01-10,179.52,4
2005-01-11,179.86,4
2005-01-12,179.63,4
2005-01-13,178.11,4
2005-01-14,179.87,4
2005-01-17,176.28,4
2005-01-18,171.42,4
2005-01-19,166.50,4
2005-01-20,169.40,4
2005-01-21,169.62,4
2005-01-24,172.46,4
2005-01-25,169.47,4
2005-01-26,169.22,4
2005-01-27,166.42,4
2005-01-28,166.20,4
2005-01-31,170.43,4
2005-02-01,175.38,4
2005-02-02,170.54,4
2005-02-03,165.93,4
2005-02-04,165.80,4
2005-02-07,162.05,4
2005-02-08,166.02,4
2005-02-09,165.38,4
2005-02-10,167.39,4
2005-02-11,166.89,4
2005-02-14,168.28,4
2005-02-15,171.17,4
2005-02-16,176.06,4
2005-02-17,177.57,4
2005-02-18,178.81,4
2005-02-21,183.55,4
2005-02-22,181.83,4
2005-02-23,181.18,4
2005-02-24,182.20,4
2005-02-25,185.30,4
2005-02-28,180.33,4
2005-03-01,184.51,4
2005-03-02,188.49,4
2005-03-03,186.43,4
2005-03-04,187.49,4
2005-03-07,183.29,4
2005-03-08,180.74,4
2005-03-09,178.20,4
2005-03-10,182.71,4
2005-03-11,185.81,4
2005-03-14,182.09,4
2005-03-15,183.17,4
2005-03-16,178.58,4
2005-03-17,179.80,4
2005-03-18,184.33,4
2005-03-21,180.91,4
2005-03-22,177.94,4
2005-03-23,180.91,4
2005-03-24,180.65,4
2005-03-29,178.40,4
2005-03-30,178.70,4
2005-03-31,183.51,4
2005-04-01,178.81,4
2005-04-04,182.41,4
2005-04-05,177.56,4
2005-04-06,177.38,4
2005-04-07,174.38,4
2005-04-11,171.55,4
2005-04-12,171.29,4
2005-04-13,166.76,4
2005-04-14,165.60,4
2005-04-15,162.04,4
2005-04-18,161.34,4
2005-04-19,163.64,4
2005-04-20,163.16,4
2005-04-21,160.33,4
2005-04-22,156.28,4
2005-04-25,152.19,4
2005-04-26,147.75,4
2005-04-27,147.52,4
2005-04-28,148.90,4
2005-04-29,151.71,4
2005-05-02,153.71,4
2005-05-04,152.11,4
2005-05-05,152.58,4
2005-05-06,157.51,4
2005-05-09,160.73,4
2005-05-10,157.17,4
2005-05-11,158.76,4
2005-05-12,158.25,4
2005-05-13,156.84,4
2005-05-16,154.88,4
2005-05-17,155.12,4
2005-05-18,158.86,4
2005-05-19,158.81,4
2005-05-20,157.22,4
2005-05-23,153.32,4
2005-05-24,156.99,4
2005-05-25,155.64,4
2005-05-27,158.81,4
2005-05-30,154.15,4
2005-05-31,152.64,4
2005-06-01,148.91,4
2005-06-02,150.43,4
2005-06-03,146.30,4
2005-06-06,151.23,4
2005-06-07,150.71,4
2005-06-08,150.53,4
2005-06-09,146.36,4
2005-06-10,149.60,4
2005-06-13,145.74,4
2005-06-14,146.20,4
2005-06-15,147.73,4
2005-06-16,143.98,4
2005-06-17,148.87,4
2005-06-20,148.82,4
2005-06-21,152.29,4
2005-06-22,149.72,4
2005-06-23,150.52,4
2005-06-24,147.71,4
2005-06-27,151.21,4
2005-06-28,149.97,4
2005-06-29,147.08,4
2005-06-30,143.21,4
2005-07-01,139.17,4
2005-07-04,143.19,4
2005-07-05,140.39,4
2005-07-06,141.49,4
2005-07-07,142.40,4
2005-07-08,147.21,4
2005-07-11,143.17,4
2005-07-12,142.25,4
2005-07-13,145.65,4
2005-07-14,141.00,4
2005-07-15,141.72,4
2005-07-18,137.30,4
2005-07-19,142.28,4
2005-07-20,139.76,4
2005-07-21,136.04,4
2005-07-22,136.74,4
2005-07-25,136.23,4
2005-07-26,139.38,4
2005-07-27,142.79,4
2005-07-28,138.33,4
2005-07-29,134.17,4
2005-08-01,134.94,4
2005-08-02,136.85,4
2005-08-03,140.74,4
2005-08-04,138.17,4
2005-08-05,135.05,4
2005-08-08,134.99,4
2005-08-09,132.68,4
2005-08-10,130.60,4
2005-08-11,126.22,4
2005-08-12,126.22,4
2005-08-16,126.16,4
2005-08-17,126.09,4
2005-08-18,124.22,4
2005-08-19,128.60,4
2005-08-22,128.16,4
2005-08-23,127.26,4
2005-08-24,129.96,4
2005-08-25,133.77,4
2005-08-26,131.42,4
2005-08-29,128.07,4
2005-08-30,130.63,4
2005-08-31,126.89,4
2005-09-01,128.44,4
2005-09-02,124.88,4
2005-09-05,120.87,4
2005-09-06,124.44,4
2005-09-07,121.85,4
2005-09-08,117.85,4
2005-09-09,120.18,4
2005-09-12,118.21,4
2005-09-13,117.85,4
2005-09-14,121.91,4
2005-09-15,122.60,4
2005-09-16,123.28,4
2005-09-19,120.48,4
2005-09-20,125.37,4
2005-09-21,123.18,4
2005-09-22,120.47,4
2005-09-23,124.54,4
2005-09-26,125.08,4
2005-09-27,122.18,4
2005-09-28,124.81,4
2005-09-29,123.14,4
2005-09-30,118.64,4
2005-10-03,116.02,4
2005-10-04,114.51,4
2005-10-05,114.62,4
2005-10-06,109.65,4
2005-10-07,108.06,4
2005-10-10,104.36,4
2005-10-11,102.34,4
2005-10-12,101.16,4
2005-10-13,96.59,4
2005-10-14,94.79,4
2005-10-17,96.32,4
2005-10-18,95.19,4
2005-10-19,96.29,4
2005-10-20,92.93,4
2005-10-21,91.01,4
2005-10-24,89.90,4
2005-10-25,87.94,4
2005-10-26,84.48,4
2005-10-27,81.01,4
2005-10-28,83.57,4
2005-10-31,85.89,4
2005-11-02,82.90,4
2005-11-03,86.87,4
2005-11-04,88.59,4
2005-11-07,86.57,4
2005-11-08,85.26,4
2005-11-09,86.60,4
2005-11-10,88.71,4
2005-11-14,84.04,4
2005-11-15,80.39,4
2005-11-16,79.31,4
2005-11-17,82.27,4
2005-11-18,86.96,4
2005-11-21,85.95,4
2005-11-22,82.31,4
2005-11-23,83.13,4
2005-11-24,84.95,4
2005-11-25,82.21,4
2005-11-28,79.29,4
2005-11-29,83.32,4
2005-11-30,81.78,4
2005-12-01,86.49,4
2005-12-02,86.82,4
2005-12-05,82.32,4
2005-12-06,77.96,4
2005-12-07,79.93,4
2005-12-08,77.08,4
2005-12-09,78.81,4
2005-12-12,79.08,4
2005-12-13,75.92,4
2005-12-14,73.97,4
2005-12-15,73.25,4
2005-12-16,77.40,4
2005-12-19,74.27,4
2005-12-20,71.42,4
2005-12-21,72.59,4
2005-12-22,71.36,4
2005-12-23,75.58,4
2005-12-27,77.88,4
2005-12-28,81.77,4
2005-12-29,76.85,4
2005-12-30,77.54,4
2006-01-02,75.45,4
2006-01-03,74.73,4
2006-01-04,75.27,4
2006-01-05,73.60,4
2006-01-06,75.33,4
2006-01-09,71.01,4
2006-01-10,70.42,4
2006-01-11,72.80,4
2006-01-12,69.98,4
2006-01-13,68.19,4
2006-01-16,64.13,4
2006-01-17,67.77,4
2006-01-18,70.66,4
2006-01-19,73.44,4
2006-01-20,71.24,4
2006-01-23,70.78,4
2006-01-24,73.51,4
2006-01-25,72.86,4
2006-01-26,68.76,4
2006-01-27,70.51,4
2006-01-30,66.00,4
2006-01-31,67.30,4
2006-02-01,70.85,4
2006-02-02,70.14,4
2006-02-03,68.99,4
2006-02-06,73.31,4
2006-02-07,74.66,4
2006-02-08,73.96,4
2006-02-09,71.14,4
2006-02-10,68.40,4
2006-02-13,69.47,4
2006-02-14,65.95,4
2006-02-15,61.12,4
2006-02-16,61.56,4
2006-02-17,62.85,4
2006-02-20,59.27,4
2006-02-21,61.14,4
2006-02-22,60.97,4
2006-02-23,57.07,4
2006-02-24,55.55,4
2006-02-27,56.36,4
2006-02-28,60.62,4
2006-03-01,56.93,4
2006-03-02,59.08,4
2006-03-03,56.86,4
2006-03-06,59.37,4
2006-03-07,61.84,4
2006-03-08,57.41,4
2006-03-09,54.38,4
2006-03-10,52.10,4
2006-03-13,54.79,4
2006-03-14,59.57,4
2006-03-15,62.51,4
2006-03-16,58.57,4
2006-03-17,58.83,4
2006-03-20,55.52,4
2006-03-21,55.55,4
2006-03-22,53.75,4
2006-03-23,48.90,4
2006-03-24,45.76,4
2006-03-27,49.04,4
2006-03-28,45.13,4
2006-03-29,42.36,4
2006-03-30,40.93,4
2006-03-31,43.97,4
2006-04-03,44.42,4
2006-04-04,40.61,4
2006-04-05,37.18,4
2006-04-06,40.72,4
2006-04-07,41.08,4
2006-04-10,45.94,4
2006-04-11,41.89,4
2006-04-12,38.32,4
2006-04-13,39.39,4
2006-04-18,38.30,4
2006-04-19,34.21,4
2006-04-20,29.36,4
2006-04-21,31.99,4
2006-04-24,33.29,4
2006-04-25,28.98,4
2006-04-26,24.62,4
2006-04-27,25.34,4
2006-04-28,23.48,4
2006-05-02,19.81,4
2006-05-04,21.85,4
2006-05-05,21.23,4
2006-05-08,20.10,4
2006-05-09,19.75,4
2006-05-10,24.73,4
2006-05-11,21.64,4
2006-05-12,21.25,4
2006-05-15,25.62,4
2006-05-16,23.70,4
2006-05-17,19.56,4
2006-05-18,15.34,4
2006-05-19,16.31,4
2006-05-22,19.18,4
2006-05-23,16.94,4
2006-05-24,16.85,4
2006-05-25,15.31,4
2006-05-26,12.89,4
2006-05-29,10.91,4
2006-05-30,8.26,4
2006-05-31,11.77,4
2006-06-01,11.11,4
2006-06-02,9.95,4
2006-06-05,8.03,4
2006-06-06,4.77,4
2006-06-07,3.27,4
2006-06-08,4.10,4
2006-06-09,8.53,4
2006-06-12,11.36,4
2006-06-13,7.44,4
2006-06-14,11.51,4
2006-06-16,9.68,4
2006-06-19,13.33,4
2006-06-20,8.48,4
2006-06-21,9.45,4
2006-06-22,11.69,4
2006-06-23,13.18,4
2006-06-26,17.84,4
2006-06-27,16.74,4
2006-06-28,20.92,4
2006-06-29,23.79,4
2006-06-30,24.21,4
2006-07-03,25.85,4
2006-07-04,27.99,4
2006-07-05,26.23,4
2006-07-06,23.80,4
2006-07-07,18.98,4
2006-07-10,22.64,4
2006-07-11,20.80,4
2006-07-12,25.57,4
2006-07-13,28.44,4
2006-07-14,31.67,4
2006-07-17,33.99,4
2006-07-18,34.76,4
2006-07-19,36.46,4
2006-07-20,38.78,4
2006-07-21,37.96,4
2006-07-24,33.19,4
2006-07-25,36.82,4
2006-07-26,35.49,4
2006-07-27,30.78,4
2006-07-28,32.25,4
2006-07-31,28.98,4
2006-08-01,24.97,4
2006-08-02,26.92,4
2006-08-03,28.54,4
2006-08-04,23.99,4
2006-08-07,22.48,4
2006-08-08,26.09,4
2006-08-09,23.22,4
2006-08-10,21.17,4
2006-08-11,24.32,4
2006-08-14,27.62,4
2006-08-16,28.61,4
2006-08-17,32.78,4
2006-08-18,30.85,4
2006-08-21,34.50,4
2006-08-22,30.77,4
2006-08-23,28.02,4
2006-08-24,26.41,4
2006-08-25,24.51,4
2006-08-28,21.00,4
2006-08-29,19.86,4
2006-08-30,21.22,4
2006-08-31,20.16,4
2006-09-01,17.91,4
2006-09-04,18.10,4
2006-09-05,17.28,4
2006-09-06,20.86,4
2006-09-07,21.08,4
2006-09-08,16.54,4
2006-09-11,19.68,4
2006-09-12,18.84,4
2006-09-13,14.80,4
2006-09-14,10.00,4
2006-09-15,15.00,4
2006-09-18,11.63,4
2006-09-19,9.75,4
2006-09-20,13.86,4
2006-09-21,16.03,4
2006-09-22,17.87,4
2006-09-25,15.66,4
2006-09-26,12.76,4
2006-09-27,16.17,4
2006-09-28,16.26,4
2006-09-29,14.29,4
2006-10-02,17.42,4
2006-10-03,16.95,4
2006-10-04,20.51,4
2006-10-05,16.23,4
2006-10-06,14.46,4
2006-10-09,18.21,4
2006-10-10,19.82,4
2006-10-11,24.28,4
2006-10-12,22.82,4
2006-10-13,22.58,4
2006-10-16,27.46,4
2006-10-17,29.24,4
2006-10-18,33.48,4
2006-10-19,38.33,4
2006-10-20,35.34,4
2006-10-23,37.08,4
2006-10-24,38.36,4
2006-10-25,41.03,4
2006-10-26,37.53,4
2006-10-27,40.66,4
2006-10-30,38.04,4
2006-10-31,34.80,4
2006-11-02,35.95,4
2006-11-03,34.36,4
2006-11-06,34.60,4
2006-11-07,39.15,4
2006-11-08,39.86,4
2006-11-09,42.60,4
2006-11-10,42.49,4
2006-11-13,41.61,4
2006-11-14,44.05,4
2006-11-15,46.15,4
2006-11-16,50.88,4
2006-11-17,49.66,4
2006-11-20,45.67,4
2006-11-21,41.18,4
2006-11-22,38.52,4
2006-11-23,35.47,4
2006-11-24,32.80,4
2006-11-27,30.06,4
2006-11-28,30.78,4
2006-11-29,31.61,4
2006-11-30,27.32,4
2006-12-01,23.24,4
2006-12-04,23.04,4
2006-12-05,21.03,4
2006-12-06,25.08,4
2006-12-07,21.66,4
2006-12-08,23.90,4
2006-12-11,27.12,4
2006-12-12,30.20,4
2006-12-13,29.29,4
2006-12-14,30.63,4
2006-12-15,31.21,4
2006-12-18,34.51,4
2006-12-19,36.52,4
2006-12-20,33.51,4
2006-12-21,31.80,4
2006-12-22,28.23,4
2006-12-27,26.02,4
2006-12-28,25.10,4
2006-12-29,26.92,4
2007-01-02,23.31,4
2007-01-03,25.57,4
2007-01-04,21.14,4
2007-01-05,18.96,4
2007-01-08,18.14,4
2007-01-09,20.29,4
2007-01-10,23.99,4
2007-01-11,27.87,4
2007-01-12,26.41,4
2007-01-15,26.58,4
2007-01-16,30.45,4
2007-01-17,25.86,4
2007-01-18,22.34,4
2007-01-19,27.17,4
2007-01-22,25.97,4
2007-01-23,23.46,4
2007-01-24,20.54,4
2007-01-25,18.13,4
2007-01-26,19.11,4
2007-01-29,20.69,4
2007-01-30,25.29,4
2007-01-31,26.14,4
2007-02-01,24.62,4
2007-02-02,24.57,4
2007-02-05,22.19,4
2007-02-06,19.29,4
2007-02-07,17.22,4
2007-02-08,15.04,4
2007-02-09,17.07,4
2007-02-12,20.72,4
2007-02-13,18.25,4
2007-02-14,13.28,4
2007-02-15,8.66,4
2007-02-16,6.59,4
2007-02-19,7.48,4
2007-02-20,10.64,4
2007-02-21,15.08,4
2007-02-22,19.96,4
2007-02-23,16.79,4
2007-02-26,21.78,4
2007-02-27,19.31,4
2007-02-28,23.24,4
2007-03-01,25.28,4
2007-03-02,28.79,4
2007-03-05,32.46,4
2007-03-06,30.50,4
2007-03-07,28.43,4
2007-03-08,26.05,4
2007-03-09,30.62,4
2007-03-12,33.88,4
2007-03-13,30.86,4
2007-03-14,31.54,4
2007-03-15,35.18,4
2007-03-16,37.30,4
2007-03-19,38.42,4
2007-03-20,42.74,4
2007-03-21,41.73,4
2007-03-22,43.17,4
2007-03-23,42.57,4
2007-03-26,43.75,4
2007-03-27,46.40,4
2007-03-28,44.24,4
2007-03-29,42.36,4
2007-03-30,38.79,4
2007-04-02,41.24,4
2007-04-03,36.30,4
2007-04-04,40.53,4
2007-04-05,37.99,4
2007-04-10,36.60,4
2007-04-11,33.44,4
2007-04-12,37.85,4
2007-04-13,42.06,4
2007-04-16,42.85,4
2007-04-17,38.61,4
2007-04-18,40.63,4
2007-04-19,41.28,4
2007-04-20,40.79,4
2007-04-23,44.36,4
2007-04-24,49.09,4
2007-04-25,46.27,4
2007-04-26,44.57,4
2007-04-27,48.55,4
2007-04-30,51.26,4
2007-05-02,50.19,4
2007-05-04,51.35,4
2007-05-07,47.82,4
2007-05-08,51.94,4
2007-05-09,54.89,4
2007-05-10,52.42,4
2007-05-11,50.81,4
2007-05-14,46.69,4
2007-05-15,47.45,4
2007-05-16,47.64,4
2007-05-17,43.07,4
2007-05-18,38.25,4
2007-05-21,36.94,4
2007-05-22,33.50,4
2007-05-23,33.99,4
2007-05-24,36.04,4
2007-05-25,39.26,4
2007-05-28,41.66,4
2007-05-29,42.86,4
2007-05-30,42.89,4
2007-05-31,47.63,4
2007-06-01,42.73,4
2007-06-04,42.27,4
2007-06-05,43.38,4
2007-06-06,44.91,4
2007-06-08,49.20,4
2007-06-11,49.29,4
2007-06-12,48.38,4
2007-06-13,43.47,4
2007-06-14,48.05,4
2007-06-15,46.71,4
2007-06-18,47.01,4
2007-06-19,43.50,4
2007-06-20,39.74,4
2007-06-21,42.85,4
2007-06-22,40.93,4
2007-06-25,42.59,4
2007-06-26,46.03,4
2007-06-27,41.22,4
2007-06-28,37.38,4
2007-06-29,32.63,4
2007-07-02,34.45,4
2007-07-03,30.76,4
2007-07-04,33.76,4
2007-07-05,31.54,4
2007-07-06,33.56,4
2007-07-09,36.12,4
2007-07-10,34.98,4
2007-07-11,34.43,4
2007-07-12,34.44,4
2007-07-13,34.68,4
2007-07-16,37.47,4
2007-07-17,33.18,4
2007-07-18,32.86,4
2007-07-19,36.84,4
2007-07-20,38.16,4
2007-07-23,35.85,4
2007-07-24,34.13,4
2007-07-25,32.91,4
2007-07-26,34.28,4
2007-07-27,30.79,4
2007-07-30,27.08,4
2007-07-31,30.35,4
2007-08-01,32.43,4
2007-08-02,29.88,4
2007-08-03,25.69,4
2007-08-06,28.66,4
2007-08-07,29.62,4
2007-08-08,34.62,4
2007-08-09,31.37,4
2007-08-10,29.81,4
2007-08-13,34.67,4
2007-08-14,31.51,4
2007-08-16,31.42,4
2007-08-17,27.60,4
2007-08-20,30.60,4
2007-08-21,27.91,4
2007-08-22,27.41,4
2007-08-23,29.01,4
2007-08-24,30.71,4
2007-08-27,35.24,4
2007-08-28,34.48,4
2007-08-29,38.07,4
2007-08-30,38.90,4
2007-08-31,34.63,4
2007-09-03,38.04,4
2007-09-04,40.34,4
2007-09-05,36.85,4
2007-09-06,36.07,4
2007-09-07,40.27,4
2007-09-10,37.40,4
2007-09-11,36.88,4
2007-09-12,39.08,4
2007-09-13,42.24,4
2007-09-14,41.39,4
2007-09-17,44.05,4
2007-09-18,41.85,4
2007-09-19,37.67,4
2007-09-20,40.34,4
2007-09-21,39.89,4
2007-09-24,41.87,4
2007-09-25,39.25,4
2007-09-26,39.28,4
2007-09-27,39.27,4
2007-09-28,43.42,4
2007-10-01,44.34,4
2007-10-02,41.70,4
2007-10-03,38.13,4
2007-10-04,41.33,4
2007-10-05,46.03,4
2007-10-08,46.88,4
2007-10-09,44.98,4
2007-10-10,45.61,4
2007-10-11,43.66,4
2007-10-12,39.48,4
2007-10-15,41.71,4
2007-10-16,44.19,4
2007-10-17,46.92,4
2007-10-18,51.04,4
2007-10-19,47.01,4
2007-10-22,45.73,4
2007-10-23,48.54,4
2007-10-24,47.74,4
2007-10-25,49.03,4
2007-10-26,51.91,4
2007-10-29,54.26,4
2007-10-30,51.76,4
2007-10-31,52.00,4
2007-11-02,48.45,4
2007-11-05,48.16,4
2007-11-06,52.40,4
2007-11-07,55.81,4
2007-11-08,51.29,4
2007-11-09,51.42,4
2007-11-12,46.55,4
2007-11-13,42.86,4
2007-11-14,47.64,4
2007-11-15,50.11,4
2007-11-16,49.88,4
2007-11-19,52.78,4
2007-11-20,49.32,4
2007-11-21,50.99,4
2007-11-22,50.07,4
2007-11-23,47.82,4
2007-11-26,50.10,4
2007-11-27,54.75,4
2007-11-28,50.40,4
2007-11-29,47.77,4
2007-11-30,45.42,4
2007-12-03,40.52,4
2007-12-04,39.10,4
2007-12-05,40.23,4
2007-12-06,38.90,4
2007-12-07,39.44,4
2007-12-10,34.74,4
2007-12-11,33.04,4
2007-12-12,36.97,4
2007-12-13,40.43,4
2007-12-14,37.76,4
2007-12-17,42.34,4
2007-12-18,46.31,4
2007-12-19,45.98,4
2007-12-20,41.42,4
2007-12-21,44.34,4
2007-12-27,46.05,4
2007-12-28,41.95,4
2008-01-02,40.77,4
2008-01-03,36.66,4
2008-01-04,39.46,4
2008-01-07,36.44,4
2008-01-08,37.07,4
2008-01-09,39.94,4
2008-01-10,39.26,4
2008-01-11,40.84,4
2008-01-14,44.79,4
2008-01-15,45.32,4
2008-01-16,44.83,4
2008-01-17,41.46,4
2008-01-18,37.63,4
2008-01-21,33.64,4
2008-01-22,33.22,4
2008-01-23,34.21,4
2008-01-24,31.74,4
2008-01-25,31.60,4
2008-01-28,27.65,4
2008-01-29,26.58,4
2008-01-30,31.20,4
2008-01-31,35.67,4
2008-02-01,40.36,4
2008-02-04,37.18,4
2008-02-05,39.24,4
2008-02-06,39.33,4
2008-02-07,42.82,4
2008-02-08,46.60,4
2008-02-11,42.90,4
2008-02-12,38.90,4
2008-02-13,41.78,4
2008-02-14,40.16,4
2008-02-15,42.11,4
2008-02-18,39.40,4
2008-02-19,44.30,4
2008-02-20,41.87,4
2008-02-21,39.35,4
2008-02-22,36.65,4
2008-02-25,37.02,4
2008-02-26,38.11,4
2008-02-27,41.86,4
2008-02-28,39.60,4
2008-02-29,36.90,4
2008-03-03,35.13,4
2008-03-04,30.49,4
2008-03-05,33.63,4
2008-03-06,35.32,4
2008-03-07,37.32,4
2008-03-10,38.88,4
2008-03-11,34.87,4
2008-03-12,31.13,4
2008-03-13,28.69,4
2008-03-14,27.68,4
2008-03-17,31.85,4
2008-03-18,33.41,4
2008-03-19,29.97,4
2008-03-20,27.55,4
2008-03-25,30.57,4
2008-03-26,33.02,4
2008-03-27,35.66,4
2008-03-28,35.79,4
2008-03-31,38.49,4
2008-04-01,36.04,4
2008-04-02,35.36,4
2008-04-03,36.02,4
2008-04-04,40.31,4
2008-04-07,38.54,4
2008-04-08,42.86,4
2008-04-09,46.79,4
2008-04-10,43.73,4
2008-04-11,42.42,4
2008-04-14,40.17,4
2008-04-15,45.08,4
2008-04-16,40.45,4
2008-04-17,36.64,4
2008-04-18,33.27,4
2008-04-21,32.49,4
2008-04-22,27.61,4
2008-04-23,23.19,4
2008-04-24,19.36,4
2008-04-25,18.68,4
2008-04-28,17.74,4
2008-04-29,14.63,4
2008-04-30,10.15,4
2008-05-05,10.32,4
2008-05-06,10.94,4
2008-05-07,12.93,4
2008-05-08,9.75,4
2008-05-09,8.48,4
2008-05-12,6.26,4
2008-05-13,9.89,4
2008-05-14,13.02,4
2008-05-15,13.90,4
2008-05-16,18.33,4
2008-05-19,17.47,4
2008-05-20,13.66,4
2008-05-21,12.21,4
2008-05-23,10.41,4
2008-05-26,13.34,4
2008-05-27,10.70,4
2008-05-28,13.52,4
2008-05-29,13.58,4
2008-05-30,14.04,4
2008-06-02,16.11,4
2008-06-03,20.80,4
2008-06-04,24.98,4
2008-06-05,27.06,4
2008-06-06,29.39,4
2008-06-09,31.02,4
2008-06-10,31.49,4
2008-06-11,32.18,4
2008-06-12,27.66,4
2008-06-13,25.14,4
2008-06-16,22.31,4
2008-06-17,24.34,4
2008-06-18,21.60,4
2008-06-19,23.59,4
2008-06-20,25.55,4
2008-06-23,20.71,4
2008-06-24,16.19,4
2008-06-25,11.33,4
2008-06-26,15.16,4
2008-06-27,12.07,4
2008-06-30,16.27,4
2008-07-01,18.69,4
2008-07-02,20.65,4
2008-07-03,22.19,4
2008-07-04,22.49,4
2008-07-07,17.58,4
2008-07-08,18.11,4
2008-07-09,13.56,4
2008-07-10,11.74,4
2008-07-11,12.00,4
2008-07-14,13.30,4
2008-07-15,11.62,4
2008-07-16,14.56,4
2008-07-17,14.71,4
2008-07-18,10.57,4
2008-07-21,11.60,4
2008-07-22,14.96,4
2008-07-23,14.82,4
2008-07-24,19.67,4
2008-07-25,14.95,4
2008-07-28,14.38,4
2008-07-29,15.89,4
2008-07-30,15.29,4
2008-07-31,16.60,4
2008-08-01,20.62,4
2008-08-04,17.11,4
2008-08-05,16.73,4
2008-08-06,20.91,4
2008-08-07,18.66,4
2008-08-08,17.24,4
2008-08-11,18.20,4
2008-08-12,19.70,4
2008-08-13,23.27,4
2008-08-14,20.40,4
2008-08-18,17.58,4
2008-08-19,17.20,4
2008-08-20,13.77,4
2008-08-21,13.68,4
2008-08-22,13.35,4
2008-08-25,18.30,4
2008-08-26,16.05,4
2008-08-27,11.13,4
2008-08-28,11.58,4
2008-08-29,15.28,4
2008-09-01,18.87,4
2008-09-02,15.65,4
2008-09-03,19.59,4
2008-09-04,23.50,4
2008-09-05,26.79,4
2008-09-08,28.11,4
2008-09-09,25.62,4
2008-09-10,29.92,4
2008-09-11,27.64,4
2008-09-12,25.50,4
2008-09-15,26.83,4
2008-09-16,27.79,4
2008-09-17,24.75,4
2008-09-18,24.33,4
2008-09-19,23.00,4
2008-09-22,19.06,4
2008-09-23,22.25,4
2008-09-24,21.51,4
2008-09-25,24.40,4
2008-09-26,29.21,4
2008-09-29,28.89,4
2008-09-30,32.85,4
2008-10-01,31.36,4
2008-10-02,35.55,4
2008-10-03,30.82,4
2008-10-06,34.77,4
2008-10-07,33.58,4
2008-10-08,30.52,4
2008-10-09,34.06,4
2008-10-10,35.09,4
2008-10-13,34.33,4
2008-10-14,31.34,4
2008-10-15,28.26,4
2008-10-16,28.89,4
2008-10-17,27.85,4
2008-10-20,31.32,4
2008-10-21,29.66,4
2008-10-22,32.39,4
2008-10-23,35.21,4
2008-10-24,37.75,4
2008-10-27,42.11,4
2008-10-28,40.63,4
2008-10-29,40.83,4
2008-10-30,42.71,4
2008-10-31,43.04,4
2008-11-03,41.51,4
2008-11-04,37.12,4
2008-11-05,37.63,4
2008-11-06,34.78,4
2008-11-07,33.51,4
2008-11-10,29.25,4
2008-11-12,29.29,4
2008-11-13,31.73,4
2008-11-14,31.27,4
2008-11-17,29.05,4
2008-11-18,30.61,4
2008-11-19,31.80,4
2008-11-20,35.16,4
2008-11-21,34.52,4
2008-11-24,34.90,4
2008-11-25,33.81,4
2008-11-26,32.72,4
2008-11-27,34.51,4
2008-11-28,34.77,4
2008-12-01,35.46,4
2008-12-02,35.68,4
2008-12-03,35.91,4
2008-12-04,38.82,4
2008-12-05,36.64,4
2008-12-08,38.31,4
2008-12-09,38.52,4
2008-12-10,41.33,4
2008-12-11,38.18,4
2008-12-12,33.58,4
2008-12-15,30.96,4
2008-12-16,34.86,4
2008-12-17,38.09,4
2008-12-18,35.62,4
2008-12-19,34.38,4
2008-12-22,34.54,4
2008-12-23,31.37,4
2008-12-29,35.16,4
2008-12-30,39.14,4
2008-12-31,36.95,4
2009-01-05,41.56,4
2009-01-06,37.55,4
2009-01-07,42.07,4
2009-01-08,43.60,4
2009-01-09,44.60,4
2009-01-12,45.61,4
2009-01-13,43.92,4
2009-01-14,48.30,4
2009-01-15,43.80,4
2009-01-16,47.77,4
2009-01-19,44.52,4
2009-01-20,44.58,4
2009-01-21,45.73,4
2009-01-22,41.24,4
2009-01-23,39.46,4
2009-01-26,35.42,4
2009-01-27,33.54,4
2009-01-28,28.85,4
2009-01-29,31.90,4
2009-01-30,32.38,4
2009-02-02,31.09,4
2009-02-03,33.74,4
2009-02-04,29.42,4
2009-02-05,26.98,4
2009-02-06,25.18,4
2009-02-09,25.69,4
2009-02-10,21.97,4
2009-02-11,25.98,4
2009-02-12,30.92,4
2009-02-13,28.87,4
2009-02-16,31.59,4
2009-02-17,31.06,4
2009-02-18,26.74,4
2009-02-19,26.59,4
2009-02-20,24.44,4
2009-02-23,27.74,4
2009-02-24,28.94,4
2009-02-25,26.59,4
2009-02-26,23.04,4
2009-02-27,19.15,4
2009-03-02,18.97,4
2009-03-03,17.50,4
2009-03-04,15.52,4
2009-03-05,14.54,4
2009-03-06,16.28,4
2009-03-09,14.59,4
2009-03-10,15.19,4
2009-03-11,18.74,4
2009-03-12,14.18,4
2009-03-13,13.24,4
2009-03-16,15.31,4
2009-03-17,19.98,4
2009-03-18,20.67,4
2009-03-19,21.86,4
2009-03-20,25.20,4
2009-03-23,25.65,4
2009-03-24,26.13,4
2009-03-25,23.37,4
2009-03-26,26.06,4
2009-03-27,25.54,4
2009-03-30,27.71,4
2009-03-31,31.91,4
2009-04-01,27.26,4
2009-04-02,24.34,4
2009-04-03,19.77,4
2009-04-06,19.88,4
2009-04-07,23.34,4
2009-04-08,22.34,4
2009-04-09,19.40,4
2009-04-14,19.27,4
2009-04-15,21.77,4
2009-04-16,26.73,4
2009-04-17,23.80,4
2009-04-20,24.68,4
2009-04-21,23.14,4
2009-04-22,27.95,4
2009-04-23,30.42,4
2009-04-24,35.09,4
2009-04-27,35.27,4
2009-04-28,34.70,4
2009-04-29,35.63,4
2009-04-30,33.97,4
2009-05-04,31.96,4
2009-05-05,34.79,4
2009-05-06,31.50,4
2009-05-07,35.01,4
2009-05-08,38.93,4
2009-05-11,36.23,4
2009-05-12,35.13,4
2009-05-13,31.77,4
2009-05-14,32.13,4
2009-05-15,33.13,4
2009-05-18,29.31,4
2009-05-19,27.73,4
2009-05-20,25.22,4
2009-05-21,27.20,4
2009-05-22,22.30,4
2009-05-25,19.16,4
2009-05-26,17.44,4
2009-05-27,22.12,4
2009-05-28,23.55,4
2009-05-29,27.48,4
2009-06-01,22.74,4
2009-06-02,24.67,4
2009-06-03,27.04,4
2009-06-04,27.56,4
2009-06-05,26.04,4
2009-06-08,22.97,4
2009-06-09,23.28,4
2009-06-10,19.15,4
2009-06-12,23.26,4
2009-06-15,24.19,4
2009-06-16,19.79,4
2009-06-17,16.45,4
2009-06-18,15.39,4
2009-06-19,13.62,4
2009-06-22,9.33,4
2009-06-23,8.40,4
2009-06-24,5.25,4
2009-06-25,1.76,4
2009-06-26,-1.81,4
2009-06-29,3.14,4
2009-06-30,6.90,4
2009-07-01,9.52,4
2009-07-02,12.36,4
2009-07-03,14.25,4
2009-07-06,9.89,4
2009-07-07,13.81,4
2009-07-08,11.14,4
2009-07-09,9.61,4
2009-07-10,7.38,4
2009-07-13,6.32,4
2009-07-14,6.40,4
2009-07-15,3.53,4
2009-07-16,6.69,4
2009-07-17,8.95,4
2009-07-20,10.46,4
2009-07-21,12.85,4
2009-07-22,11.49,4
2009-07-23,14.60,4
2009-07-24,13.36,4
2009-07-27,9.58,4
2009-07-28,7.02,4
2009-07-29,5.94,4
2009-07-30,4.85,4
2009-07-31,6.30,4
2009-08-03,3.73,4
2009-08-04,-0.48,4
2009-08-05,-1.31,4
2009-08-06,-5.27,4
2009-08-07,-1.85,4
2009-08-10,3.08,4
2009-08-11,6.32,4
2009-08-12,8.57,4
2009-08-13,10.02,4
2009-08-14,13.51,4
2009-08-17,15.76,4
2009-08-18,17.48,4
2009-08-19,17.90,4
2009-08-20,18.95,4
2009-08-21,19.34,4
2009-08-24,23.96,4
2009-08-25,24.91,4
2009-08-26,25.09,4
2009-08-27,22.65,4
2009-08-28,26.90,4
2009-08-31,31.09,4
2009-09-01,34.72,4
2009-09-02,39.32,4
2009-09-03,38.10,4
2009-09-04,33.65,4
2009-09-07,29.59,4
2009-09-08,31.07,4
2009-09-09,30.91,4
2009-09-10,34.71,4
2009-09-11,38.14,4
2009-09-14,34.37,4
2009-09-15,38.85,4
2009-09-16,40.53,4
2009-09-17,37.54,4
2009-09-18,38.31,4
2009-09-21,43.18,4
2009-09-22,43.65,4
2009-09-23,45.02,4
2009-09-24,46.19,4
2009-09-25,46.50,4
2009-09-28,50.82,4
2009-09-29,47.35,4
2009-09-30,51.70,4
2009-10-01,47.07,4
2009-10-02,42.68,4
2009-10-05,42.89,4
2009-10-06,46.27,4
2009-10-07,48.03,4
2009-10-08,44.76,4
2009-10-09,49.29,4
2009-10-12,45.03,4
2009-10-13,46.16,4
2009-10-14,44.82,4
2009-10-15,48.33,4
2009-10-16,50.53,4
2009-10-19,54.14,4
2009-10-20,58.79,4
2009-10-21,61.61,4
2009-10-22,62.27,4
2009-10-23,58.74,4
2009-10-26,59.96,4
2009-10-27,64.78,4
2009-10-28,63.64,4
2009-10-29,67.84,4
2009-10-30,70.77,4
2009-11-02,67.07,4
2009-11-03,66.65,4
2009-11-04,67.78,4
2009-11-05,63.88,4
2009-11-06,58.97,4
2009-11-09,57.14,4
2009-11-10,54.63,4
2009-11-12,53.77,4
2009-11-13,53.50,4
2009-11-16,55.66,4
2009-11-17,51.35,4
2009-11-18,46.89,4
2009-11-19,50.11,4
2009-11-20,52.08,4
2009-11-23,50.89,4
2009-11-24,53.34,4
2009-11-25,56.43,4
2009-11-26,56.96,4
2009-11-27,60.01,4
2009-11-30,58.96,4
2009-12-01,62.65,4
2009-12-02,65.79,4
2009-12-03,67.32,4
2009-12-04,71.76,4
2009-12-07,70.77,4
2009-12-08,73.32,4
2009-12-09,77.60,4
2009-12-10,79.76,4
2009-12-11,76.82,4
2009-12-14,74.13,4
2009-12-15,70.71,4
2009-12-16,73.88,4
2009-12-17,71.56,4
2009-12-18,69.55,4
2009-12-21,73.70,4
2009-12-22,77.72,4
2009-12-23,74.08,4
2009-12-28,72.28,4
2009-12-29,72.60,4
2009-12-30,76.09,4
2009-12-31,77.36,4
2010-01-04,81.20,4
2010-01-05,76.46,4
2010-01-06,75.14,4
2010-01-07,78.47,4
2010-01-08,82.41,4
2010-01-11,80.36,4
2010-01-12,82.62,4
2010-01-13,81.18,4
2010-01-14,83.73,4
2010-01-15,84.06,4
2010-01-18,88.49,4
2010-01-19,89.77,4
2010-01-20,94.69,4
2010-01-21,97.59,4
2010-01-22,94.32,4
2010-01-25,89.88,4
2010-01-26,91.46,4
2010-01-27,89.29,4
2010-01-28,85.12,4
2010-01-29,87.43,4
2010-02-01,91.59,4
2010-02-02,95.45,4
2010-02-03,96.44,4
2010-02-04,97.27,4
2010-02-05,95.27,4
2010-02-08,95.55,4
2010-02-09,91.13,4
2010-02-10,89.97,4
2010-02-11,92.03,4
2010-02-12,87.06,4
2010-02-15,88.20,4
2010-02-16,89.33,4
2010-02-17,85.70,4
2010-02-18,90.43,4
2010-02-19,86.01,4
2010-02-22,86.51,4
2010-02-23,82.86,4
2010-02-24,86.58,4
2010-02-25,90.84,4
2010-02-26,91.67,4
2010-03-01,90.92,4
2010-03-02,88.15,4
2010-03-03,89.50,4
2010-03-04,91.45,4
2010-03-05,92.57,4
2010-03-08,96.64,4
2010-03-09,99.20,4
2010-03-10,94.56,4
2010-03-11,96.67,4
2010-03-12,100.49,4
2010-03-15,102.81,4
2010-03-16,106.93,4
2010-03-17,108.80,4
2010-03-18,109.62,4
2010-03-19,109.63,4
2010-03-22,114.22,4
2010-03-23,116.39,4
2010-03-24,117.03,4
2010-03-25,119.69,4
2010-03-26,114.99,4
2010-03-29,116.98,4
2010-03-30,112.65,4
2010-03-31,109.29,4
2010-04-01,111.52,4
2010-04-06,115.48,4
2010-04-07,117.79,4
2010-04-08,120.85,4
2010-04-09,118.88,4
2010-04-12,123.82,4
2010-04-13,126.33,4
2010-04-14,128.76,4
2010-04-15,129.81,4
2010-04-16,129.38,4
2010-04-19,125.29,4
2010-04-20,120.88,4
2010-04-21,118.96,4
2010-04-22,123.24,4
2010-04-23,126.09,4
2010-04-26,122.36,4
2010-04-27,119.61,4
2010-04-28,124.01,4
2010-04-29,127.21,4
2010-04-30,124.21,4
2010-05-04,124.81,4
2010-05-05,127.18,4
2010-05-06,125.80,4
2010-05-07,122.97,4
2010-05-10,127.08,4
2010-05-11,125.81,4
2010-05-12,124.62,4
2010-05-13,123.33,4
2010-05-14,119.95,4
2010-05-17,117.53,4
2010-05-18,114.34,4
2010-05-19,110.34,4
2010-05-20,113.21,4
2010-05-21,116.28,4
2010-05-24,114.69,4
2010-05-25,117.93,4
2010-05-26,117.49,4
2010-05-27,122.19,4
2010-05-28,117.55,4
2010-05-31,118.35,4
2010-06-01,120.22,4
2010-06-02,122.66,4
2010-06-04,122.48,4
2010-06-07,125.07,4
2010-06-08,124.72,4
2010-06-09,120.92,4
2010-06-10,120.67,4
2010-06-11,118.25,4
2010-06-14,119.77,4
2010-06-15,119.79,4
2010-06-16,122.19,4
2010-06-17,124.23,4
2010-06-18,129.22,4
2010-06-21,130.33,4
2010-06-22,128.43,4
2010-06-23,129.70,4
2010-06-24,131.20,4
2010-06-25,127.81,4
2010-06-28,127.99,4
2010-06-29,124.93,4
2010-06-30,126.30,4
2010-07-01,130.14,4
2010-07-02,134.35,4
2010-07-05,131.72,4
2010-07-06,127.89,4
2010-07-07,129.83,4
2010-07-08,132.28,4
2010-07-09,131.60,4
2010-07-12,133.65,4
2010-07-13,131.35,4
2010-07-14,135.38,4
2010-07-15,140.31,4
2010-07-16,135.59,4
2010-07-19,138.88,4
2010-07-20,140.25,4
2010-07-21,136.71,4
2010-07-22,135.28,4
2010-07-23,131.69,4
2010-07-26,129.45,4
2010-07-27,132.92,4
2010-07-28,133.88,4
2010-07-29,137.62,4
2010-07-30,140.42,4
2010-08-02,141.01,4
2010-08-03,145.13,4
2010-08-04,147.58,4
2010-08-05,147.12,4
2010-08-06,149.66,4
2010-08-09,150.07,4
2010-08-10,148.14,4
2010-08-11,144.73,4
2010-08-12,147.53,4
2010-08-13,152.37,4
2010-08-16,156.58,4
2010-08-17,156.52,4
2010-08-18,157.59,4
2010-08-19,160.61,4
2010-08-20,159.55,4
2010-08-23,161.14,4
2010-08-24,156.16,4
2010-08-25,155.43,4
2010-08-26,156.50,4
2010-08-27,159.35,4
2010-08-30,155.71,4
2010-08-31,158.71,4
2010-09-01,162.51,4
2010-09-02,166.56,4
2010-09-03,165.05,4
2010-09-06,160.66,4
2010-09-07,161.08,4
2010-09-08,165.86,4
2010-09-09,162.64,4
2010-09-10,162.26,4
2010-09-13,166.11,4
2010-09-14,169.32,4
2010-09-15,167.32,4
2010-09-16,162.74,4
2010-09-17,163.37,4
2010-09-20,161.50,4
2010-09-21,166.14,4
2010-09-22,167.77,4
2010-09-23,171.58,4
2010-09-24,169.83,4
2010-09-27,174.65,4
2010-09-28,175.34,4
2010-09-29,178.23,4
2010-09-30,176.76,4
2010-10-01,181.14,4
2010-10-04,176.74,4
2010-10-05,181.69,4
2010-10-06,177.24,4
2010-10-07,174.14,4
2010-10-08,169.50,4
2010-10-11,174.17,4
2010-10-12,169.24,4
2010-10-13,166.97,4
2010-10-14,165.92,4
2010-10-15,162.59,4
2010-10-18,163.26,4
2010-10-19,165.46,4
2010-10-20,165.84,4
2010-10-21,162.01,4
2010-10-22,157.78,4
2010-10-25,161.18,4
2010-10-26,161.11,4
2010-10-27,162.69,4
2010-10-28,159.93,4
2010-10-29,164.40,4
2010-11-02,160.37,4
2010-11-03,162.17,4
2010-11-04,162.65,4
2010-11-05,167.25,4
2010-11-08,164.20,4
2010-11-09,163.64,4
2010-11-10,166.90,4
2010-11-12,171.29,4
2010-11-15,167.41,4
2010-11-16,164.30,4
2010-11-17,160.26,4
2010-11-18,156.69,4
2010-11-19,157.76,4
2010-11-22,159.54,4
2010-11-23,162.77,4
2010-11-24,162.55,4
2010-11-25,165.48,4
2010-11-26,169.60,4
2010-11-29,172.50,4
2010-11-30,176.07,4
2010-12-01,173.14,4
2010-12-02,174.11,4
2010-12-03,172.72,4
2010-12-06,168.17,4
2010-12-07,165.17,4
2010-12-08,167.87,4
2010-12-09,165.57,4
2010-12-10,164.76,4
2010-12-13,160.82,4
2010-12-14,162.63,4
2010-12-15,163.46,4
2010-12-16,163.20,4
2010-12-17,159.86,4
2010-12-20,159.90,4
2010-12-21,155.38,4
2010-12-22,150.69,4
2010-12-23,152.38,4
2010-12-27,153.39,4
2010-12-28,157.49,4
2010-12-29,158.11,4
2010-12-30,161.53,4
2010-12-31,161.12,4
2011-01-03,157.77,4
2011-01-04,153.90,4
2011-01-05,155.97,4
2011-01-07,156.21,4
2011-01-10,155.55,4
2011-01-11,153.16,4
2011-01-12,155.53,4
2011-01-13,153.66,4
2011-01-14,157.43,4
2011-01-17,161.60,4
2011-01-18,158.73,4
2011-01-19,155.69,4
2011-01-20,153.65,4
2011-01-21,151.74,4
2011-01-24,148.21,4
2011-01-25,143.75,4
2011-01-26,144.70,4
2011-01-27,148.73,4
2011-01-28,146.30,4
2011-01-31,148.40,4
2011-02-01,151.23,4
2011-02-02,148.81,4
2011-02-03,149.33,4
2011-02-04,144.65,4
2011-02-07,142.73,4
2011-02-08,140.46,4
2011-02-09,141.88,4
2011-02-10,141.81,4
2011-02-11,145.67,4
2011-02-14,143.62,4
2011-02-15,141.35,4
2011-02-16,139.95,4
2011-02-17,137.29,4
2011-02-18,136.34,4
2011-02-21,135.03,4
2011-02-22,135.45,4
2011-02-23,139.81,4
2011-02-24,137.41,4
2011-02-25,134.12,4
2011-02-28,138.94,4
2011-03-01,135.20,4
2011-03-02,130.97,4
2011-03-03,130.81,4
2011-03-04,135.50,4
2011-03-07,132.99,4
2011-03-08,131.88,4
2011-03-09,135.64,4
2011-03-10,135.91,4
2011-03-11,137.63,4
2011-03-14,140.09,4
2011-03-15,142.01,4
2011-03-16,139.99,4
2011-03-17,144.19,4
2011-03-18,145.65,4
2011-03-21,147.42,4
2011-03-22,142.52,4
2011-03-23,141.06,4
2011-03-24,142.96,4
2011-03-25,141.58,4
2011-03-28,145.66,4
2011-03-29,147.18,4
2011-03-30,147.17,4
2011-03-31,150.84,4
2011-04-01,154.60,4
2011-04-04,155.33,4
2011-04-05,158.85,4
2011-04-06,163.34,4
2011-04-07,165.35,4
2011-04-08,162.89,4
2011-04-11,163.79,4
2011-04-12,159.47,4
2011-04-13,157.98,4
2011-04-14,156.08,4
2011-04-15,153.34,4
2011-04-18,156.03,4
2011-04-19,152.63,4
2011-04-20,155.35,4
2011-04-21,154.89,4
2011-04-26,158.07,4
2011-04-27,154.18,4
2011-04-28,150.91,4
2011-04-29,146.65,4
2011-05-02,142.68,4
2011-05-04,138.43,4
2011-05-05,137.24,4
2011-05-06,135.14,4
2011-05-09,136.38,4
2011-05-10,133.83,4
2011-05-11,135.25,4
2011-05-12,136.36,4
2011-05-13,132.91,4
2011-05-16,130.76,4
2011-05-17,131.60,4
2011-05-18,128.67,4
2011-05-19,131.94,4
2011-05-20,130.46,4
2011-05-23,129.89,4
2011-05-24,134.40,4
2011-05-25,134.09,4
2011-05-26,131.18,4
2011-05-27,133.02,4
2011-05-30,130.99,4
2011-05-31,129.36,4
2011-06-01,133.23,4
2011-06-02,134.89,4
2011-06-03,134.56,4
2011-06-06,130.63,4
2011-06-07,133.28,4
2011-06-08,134.40,4
2011-06-09,132.25,4
2011-06-10,133.27,4
2011-06-13,128.66,4
2011-06-14,131.37,4
2011-06-15,126.44,4
2011-06-16,123.50,4
2011-06-17,125.83,4
2011-06-20,123.66,4
2011-06-21,119.62,4
2011-06-22,118.29,4
2011-06-24,116.18,4
2011-06-27,111.20,4
2011-06-28,114.43,4
2011-06-29,115.31,4
2011-06-30,118.29,4
2011-07-01,119.39,4
2011-07-04,122.74,4
2011-07-05,121.23,4
2011-07-06,119.32,4
2011-07-07,118.66,4
2011-07-08,121.95,4
2011-07-11,118.07,4
2011-07-12,118.35,4
2011-07-13,118.18,4
2011-07-14,121.78,4
2011-07-15,125.82,4
2011-07-18,129.29,4
2011-07-19,128.34,4
2011-07-20,127.49,4
2011-07-21,128.70,4
2011-07-22,126.86,4
2011-07-25,124.26,4
2011-07-26,126.41,4
2011-07-27,129.47,4
2011-07-28,127.39,4
2011-07-29,125.13,4
2011-08-01,126.39,4
2011-08-02,125.11,4
2011-08-03,129.43,4
2011-08-04,125.56,4
2011-08-05,124.21,4
2011-08-08,125.49,4
2011-08-09,125.43,4
2011-08-10,126.07,4
2011-08-11,128.31,4
2011-08-12,123.45,4
2011-08-16,123.38,4
2011-08-17,123.46,4
2011-08-18,127.64,4
2011-08-19,127.54,4
2011-08-22,124.61,4
2011-08-23,126.84,4
2011-08-24,130.20,4
2011-08-25,130.30,4
2011-08-26,133.65,4
2011-08-29,132.45,4
2011-08-30,129.62,4
2011-08-31,130.13,4
2011-09-01,127.26,4
2011-09-02,123.85,4
2011-09-05,123.43,4
2011-09-06,118.92,4
2011-09-07,117.79,4
2011-09-08,121.20,4
2011-09-09,117.41,4
2011-09-12,115.44,4
2011-09-13,116.08,4
2011-09-14,121.06,4
2011-09-15,117.26,4
2011-09-16,112.43,4
2011-09-19,114.50,4
2011-09-20,113.85,4
2011-09-21,109.13,4
2011-09-22,107.76,4
2011-09-23,107.12,4
2011-09-26,107.77,4
2011-09-27,106.40,4
2011-09-28,107.07,4
2011-09-29,110.19,4
2011-09-30,113.36,4
2011-10-03,117.35,4
2011-10-04,113.15,4
2011-10-05,117.05,4
2011-10-06,118.89,4
2011-10-07,119.86,4
2011-10-10,119.09,4
2011-10-11,117.94,4
2011-10-12,113.18,4
2011-10-13,112.76,4
2011-10-14,107.81,4
2011-10-17,112.65,4
2011-10-18,112.94,4
2011-10-19,111.37,4
2011-10-20,108.55,4
2011-10-21,112.74,4
2011-10-24,115.28,4
2011-10-25,117.08,4
2011-10-26,121.41,4
2011-10-27,125.75,4
2011-10-28,122.48,4
2011-10-31,121.70,4
2011-11-02,125.83,4
2011-11-03,127.52,4
2011-11-04,128.30,4
2011-11-07,127.21,4
2011-11-08,128.00,4
2011-11-09,131.21,4
2011-11-10,133.39,4
2011-11-14,134.32,4
2011-11-15,135.41,4
2011-11-16,134.31,4
2011-11-17,132.62,4
2011-11-18,137.56,4
2011-11-21,137.97,4
2011-11-22,141.14,4
2011-11-23,145.47,4
2011-11-24,148.53,4
2011-11-25,152.38,4
2011-11-28,151.02,4
2011-11-29,153.66,4
2011-11-30,150.75,4
2011-12-01,149.27,4
2011-12-02,153.70,4
2011-12-05,151.18,4
2011-12-06,148.62,4
2011-12-07,150.92,4
2011-12-08,147.36,4
2011-12-09,148.56,4
2011-12-12,151.27,4
2011-12-13,155.57,4
2011-12-14,157.25,4
2011-12-15,152.50,4
2011-12-16,153.01,4
2011-12-19,154.49,4
2011-12-20,159.22,4
2011-12-21,156.23,4
2011-12-22,159.76,4
2011-12-23,157.41,4
2011-12-27,156.72,4
2011-12-28,155.43,4
2011-12-29,154.80,4
2011-12-30,157.45,4
2012-01-02,158.36,4
2012-01-03,154.57,4
2012-01-04,153.52,4
2012-01-05,151.07,4
2012-01-09,148.44,4
2012-01-10,152.91,4
2012-01-11,152.18,4
2012-01-12,156.31,4
2012-01-13,160.25,4
2012-01-16,164.66,4
2012-01-17,166.34,4
2012-01-18,166.44,4
2012-01-19,166.81,4
2012-01-20,163.88,4
2012-01-23,162.03,4
2012-01-24,164.92,4
2012-01-25,160.78,4
2012-01-26,164.47,4
2012-01-27,167.05,4
2012-01-30,169.11,4
2012-01-31,172.42,4
2012-02-01,170.00,4
2012-02-02,173.92,4
2012-02-03,171.47,4
2012-02-06,167.75,4
2012-02-07,169.86,4
2012-02-08,172.81,4
2012-02-09,177.05,4
2012-02-10,174.44,4
2012-02-13,178.25,4
2012-02-14,175.24,4
2012-02-15,175.21,4
2012-02-16,177.13,4
2012-02-17,173.26,4
2012-02-20,170.18,4
2012-02-21,174.40,4
2012-02-22,174.58,4
2012-02-23,178.03,4
2012-02-24,173.06,4
2012-02-27,177.44,4
2012-02-28,177.82,4
2012-02-29,180.11,4
2012-03-01,184.11,4
2012-03-02,185.60,4
2012-03-05,180.69,4
2012-03-06,185.45,4
2012-03-07,184.57,4
2012-03-08,182.91,4
2012-03-09,180.88,4
2012-03-12,177.63,4
2012-03-13,178.76,4
2012-03-14,181.39,4
2012-03-15,178.34,4
2012-03-16,181.55,4
2012-03-19,181.56,4
2012-03-20,183.03,4
2012-03-21,185.69,4
2012-03-22,189.86,4
2012-03-23,194.33,4
2012-03-26,198.20,4
2012-03-27,194.69,4
2012-03-28,196.27,4
2012-03-29,192.18,4
2012-03-30,193.02,4
2012-04-02,195.78,4
2012-04-03,199.39,4
2012-04-04,199.54,4
2012-04-05,200.75,4
2012-04-10,197.92,4
2012-04-11,197.48,4
2012-04-12,199.42,4
2012-04-13,199.28,4
2012-04-16,200.95,4
2012-04-17,199.81,4
2012-04-18,200.31,4
2012-04-19,201.27,4
2012-04-20,205.64,4
2012-04-23,205.76,4
2012-04-24,209.86,4
2012-04-25,206.12,4
2012-04-26,207.14,4
2012-04-27,206.38,4
2012-04-30,209.12,4
2012-05-02,212.88,4
2012-05-04,214.85,4
2012-05-07,218.34,4
2012-05-08,219.46,4
2012-05-09,224.18,4
2012-05-10,227.96,4
2012-05-11,225.11,4
2012-05-14,228.34,4
2012-05-15,231.31,4
2012-05-16,228.40,4
2012-05-17,228.23,4
2012-05-18,230.30,4
2012-05-21,227.29,4
2012-05-22,223.99,4
2012-05-23,222.63,4
2012-05-24,222.62,4
2012-05-25,226.95,4
2012-05-28,229.54,4
2012-05-29,225.05,4
2012-05-30,228.63,4
2012-05-31,228.76,4
2012-06-01,230.55,4
2012-06-04,232.65,4
2012-06-05,229.35,4
2012-06-06,226.18,4
2012-06-08,229.61,4
2012-06-11,229.50,4
2012-06-12,232.78,4
2012-06-13,229.14,4
2012-06-14,233.34,4
2012-06-15,233.79,4
2012-06-18,228.84,4
2012-06-19,230.03,4
2012-06-20,228.64,4
2012-06-21,224.48,4
2012-06-22,225.91,4
2012-06-25,224.65,4
2012-06-26,229.25,4
2012-06-27,228.19,4
2012-06-28,227.26,4
2012-06-29,226.52,4
2012-07-02,229.22,4
2012-07-03,225.41,4
2012-07-04,228.27,4
2012-07-05,231.00,4
2012-07-06,234.28,4
2012-07-09,235.15,4
2012-07-10,238.35,4
2012-07-11,239.44,4
2012-07-12,234.60,4
2012-07-13,234.82,4
2012-07-16,239.64,4
2012-07-17,237.80,4
2012-07-18,238.95,4
2012-07-19,236.88,4
2012-07-20,234.85,4
2012-07-23,237.56,4
2012-07-24,239.12,4
2012-07-25,241.68,4
2012-07-26,237.27,4
2012-07-27,233.40,4
2012-07-30,236.25,4
2012-07-31,235.29,4
2012-08-01,237.38,4
2012-08-02,233.59,4
2012-08-03,237.18,4
2012-08-06,240.68,4
2012-08-07,238.91,4
2012-08-08,240.13,4
2012-08-09,237.94,4
2012-08-10,242.72,4
2012-08-13,238.99,4
2012-08-14,241.05,4
2012-08-16,236.52,4
2012-08-17,236.31,4
2012-08-20,238.99,4
2012-08-21,235.57,4
2012-08-22,233.66,4
2012-08-23,230.70,4
2012-08-24,233.82,4
2012-08-27,233.60,4
2012-08-28,234.98,4
2012-08-29,235.98,4
2012-08-30,235.98,4
2012-08-31,233.62,4
2012-09-03,229.69,4
2012-09-04,234.06,4
2012-09-05,230.03,4
2012-09-06,226.20,4
2012-09-07,226.95,4
2012-09-10,228.90,4
2012-09-11,233.16,4
2012-09-12,237.08,4
2012-09-13,239.96,4
2012-09-14,242.23,4
2012-09-17,237.51,4
2012-09-18,241.89,4
2012-09-19,246.01,4
2012-09-20,245.56,4
2012-09-21,248.40,4
2012-09-24,248.22,4
2012-09-25,250.10,4
2012-09-26,251.28,4
2012-09-27,253.09,4
2012-09-28,252.27,4
2012-10-01,247.75,4
2012-10-02,245.52,4
2012-10-03,245.82,4
2012-10-04,244.64,4
2012-10-05,247.68,4
2012-10-08,248.50,4
2012-10-09,247.86,4
2012-10-10,246.94,4
2012-10-11,251.48,4
2012-10-12,255.31,4
2012-10-15,252.12,4
2012-10-16,248.43,4
2012-10-17,250.75,4
2012-10-18,247.51,4
2012-10-19,250.07,4
2012-10-22,249.04,4
2012-10-23,252.38,4
2012-10-24,252.51,4
2012-10-25,253.96,4
2012-10-26,257.85,4
2012-10-29,260.77,4
2012-10-30,264.72,4
2012-10-31,263.17,4
2012-11-02,262.05,4
2012-11-05,265.45,4
2012-11-06,265.92,4
2012-11-07,270.44,4
2012-11-08,269.37,4
2012-11-09,273.71,4
2012-11-12,270.15,4
2012-11-13,274.39,4
2012-11-14,270.31,4
2012-11-15,269.58,4
2012-11-16,271.05,4
2012-11-19,271.42,4
2012-11-20,274.12,4
2012-11-21,276.19,4
2012-11-22,277.56,4
2012-11-23,277.37,4
2012-11-26,277.79,4
2012-11-27,279.12,4
2012-11-28,280.77,4
2012-11-29,280.86,4
2012-11-30,276.34,4
2012-12-03,277.15,4
2012-12-04,280.04,4
2012-12-05,278.07,4
2012-12-06,279.21,4
2012-12-07,281.75,4
2012-12-10,285.90,4
2012-12-11,280.98,4
2012-12-12,285.73,4
2012-12-13,290.65,4
2012-12-14,290.58,4
2012-12-17,294.92,4
2012-12-18,299.91,4
2012-12-19,298.86,4
2012-12-20,295.14,4
2012-12-21,290.50,4
2012-12-27,289.54,4
2012-12-28,287.37,4
2013-01-02,291.06,4
2013-01-03,291.99,4
2013-01-04,296.67,4
2013-01-07,295.34,4
2013-01-08,294.44,4
2013-01-09,295.02,4
2013-01-10,295.67,4
2013-01-11,298.91,4
2013-01-14,296.97,4
2013-01-15,293.68,4
2013-01-16,298.23,4
2013-01-17,294.28,4
2013-01-18,296.23,4
2013-01-21,296.01,4
2013-01-22,294.17,4
2013-01-23,295.83,4
2013-01-24,291.81,4
2013-01-25,295.97,4
2013-01-28,292.82,4
2013-01-29,292.88,4
2013-01-30,290.80,4
2013-01-31,291.36,4
2013-02-01,293.46,4
2013-02-04,292.31,4
2013-02-05,295.83,4
2013-02-06,295.35,4
2013-02-07,290.43,4
2013-02-08,294.91,4
2013-02-11,299.46,4
2013-02-12,299.43,4
2013-02-13,304.05,4
2013-02-14,305.02,4
2013-02-15,302.27,4
2013-02-18,297.89,4
2013-02-19,301.63,4
2013-02-20,304.03,4
2013-02-21,299.29,4
2013-02-22,295.58,4
2013-02-25,292.44,4
2013-02-26,294.41,4
2013-02-27,293.22,4
2013-02-28,290.01,4
2013-03-01,285.27,4
2013-03-04,287.66,4
2013-03-05,284.26,4
2013-03-06,282.33,4
2013-03-07,280.02,4
2013-03-08,280.18,4
2013-03-11,282.26,4
2013-03-12,281.99,4
2013-03-13,284.92,4
2013-03-14,287.74,4
2013-03-15,292.06,4
2013-03-18,288.21,4
2013-03-19,286.18,4
2013-03-20,290.34,4
2013-03-21,287.33,4
2013-03-22,285.40,4
2013-03-25,281.13,4
2013-03-26,279.38,4
2013-03-27,280.00,4
2013-03-28,278.56,4
2013-04-02,279.96,4
2013-04-03,277.80,4
2013-04-04,281.05,4
2013-04-05,281.14,4
2013-04-08,276.27,4
2013-04-09,279.75,4
2013-04-10,284.60,4
2013-04-11,285.40,4
2013-04-12,281.02,4
2013-04-15,282.38,4
2013-04-17,278.85,4
2013-04-18,279.22,4
2013-04-19,282.22,4
2013-04-22,283.14,4
2013-04-23,286.97,4
2013-04-24,282.39,4
2013-04-25,287.16,4
2013-04-26,283.23,4
2013-04-29,280.95,4
2013-04-30,276.99,4
2013-05-02,279.95,4
2013-05-06,282.43,4
2013-05-07,283.53,4
2013-05-08,288.24,4
2013-05-09,288.55,4
2013-05-10,287.89,4
2013-05-13,288.85,4
2013-05-14,291.69,4
2013-05-15,288.74,4
2013-05-16,293.18,4
2013-05-17,295.88,4
2013-05-20,294.73,4
2013-05-21,299.12,4
2013-05-22,300.96,4
2013-05-23,298.37,4
2013-05-24,295.53,4
2013-05-27,292.82,4
2013-05-28,296.38,4
2013-05-29,297.54,4
2013-05-31,297.47,4
2013-06-03,299.68,4
2013-06-04,304.32,4
2013-06-05,303.83,4
2013-06-06,299.13,4
2013-06-07,294.76,4
2013-06-10,297.50,4
2013-06-11,297.78,4
2013-06-12,298.19,4
2013-06-13,298.20,4
2013-06-14,298.55,4
2013-06-17,293.89,4
2013-06-18,295.50,4
2013-06-19,292.13,4
2013-06-20,292.36,4
2013-06-21,291.17,4
2013-06-24,292.39,4
2013-06-25,295.40,4
2013-06-26,290.68,4
2013-06-27,294.19,4
2013-06-28,299.10,4
2013-07-01,302.60,4
2013-07-02,298.80,4
2013-07-03,293.93,4
2013-07-04,292.52,4
2013-07-05,292.98,4
2013-07-08,289.59,4
2013-07-09,287.42,4
2013-07-10,285.43,4
2013-07-11,282.93,4
2013-07-12,277.93,4
2013-07-15,282.31,4
2013-07-16,282.19,4
2013-07-17,278.75,4
2013-07-18,277.17,4
2013-07-19,277.57,4
2013-07-22,276.66,4
2013-07-23,273.40,4
2013-07-24,275.37,4
2013-07-25,270.94,4
2013-07-26,272.34,4
2013-07-29,273.63,4
2013-07-30,277.62,4
2013-07-31,280.25,4
2013-08-01,279.62,4
2013-08-02,280.34,4
2013-08-05,283.15,4
2013-08-06,278.89,4
2013-08-07,281.50,4
2013-08-08,283.79,4
2013-08-09,283.11,4
2013-08-12,284.67,4
2013-08-13,289.09,4
2013-08-14,288.85,4
2013-08-16,284.10,4
2013-08-20,282.23,4
2013-08-21,279.73,4
2013-08-22,278.08,4
2013-08-23,281.22,4
2013-08-26,276.95,4
2013-08-27,277.71,4
2013-08-28,274.21,4
2013-08-29,271.47,4
2013-08-30,272.27,4
2013-09-02,276.07,4
2013-09-03,280.41,4
2013-09-04,281.66,4
2013-09-05,281.23,4
2013-09-06,284.90,4
2013-09-09,286.75,4
2013-09-10,284.33,4
2013-09-11,287.37,4
2013-09-12,285.94,4
2013-09-13,285.33,4
2013-09-16,285.23,4
2013-09-17,289.07,4
2013-09-18,292.69,4
2013-09-19,293.99,4
2013-09-20,295.79,4
2013-09-23,297.79,4
2013-09-24,293.68,4
2013-09-25,290.90,4
2013-09-26,286.93,4
2013-09-27,285.28,4
2013-09-30,286.80,4
2013-10-01,287.31,4
2013-10-02,283.83,4
2013-10-03,279.83,4
2013-10-04,277.35,4
2013-10-07,272.77,4
2013-10-08,268.17,4
2013-10-09,271.66,4
2013-10-10,269.72,4
2013-10-11,264.92,4
2013-10-14,261.60,4
2013-10-15,261.85,4
2013-10-16,265.07,4
2013-10-17,264.47,4
2013-10-18,262.88,4
2013-10-21,262.63,4
2013-10-22,265.29,4
2013-10-23,263.97,4
2013-10-24,267.68,4
2013-10-25,266.15,4
2013-10-28,266.74,4
2013-10-29,266.02,4
2013-10-30,261.74,4
2013-10-31,266.15,4
2013-11-04,269.00,4
2013-11-05,265.16,4
2013-11-06,264.51,4
2013-11-07,264.05,4
2013-11-08,261.95,4
2013-11-12,260.49,4
2013-11-13,260.81,4
2013-11-14,262.64,4
2013-11-15,267.08,4
2013-11-18,270.02,4
2013-11-19,270.78,4
2013-11-20,269.13,4
2013-11-21,272.64,4
2013-11-22,273.26,4
2013-11-25,276.09,4
2013-11-26,275.77,4
2013-11-27,276.70,4
2013-11-28,272.26,4
2013-11-29,274.77,4
2013-12-02,276.65,4
2013-12-03,281.30,4
2013-12-04,285.95,4
2013-12-05,283.28,4
2013-12-06,282.47,4
2013-12-09,278.84,4
2013-12-10,280.31,4
2013-12-11,284.70,4
2013-12-12,279.86,4
2013-12-13,283.67,4
2013-12-16,288.51,4
2013-12-17,289.18,4
2013-12-18,284.97,4
2013-12-19,289.39,4
2013-12-20,287.93,4
2013-12-23,285.55,4
2013-12-27,287.91,4
2013-12-30,288.21,4
2014-01-02,291.60,4
2014-01-03,293.22,4
2014-01-07,295.63,4
2014-01-08,295.90,4
2014-01-09,298.27,4
2014-01-10,297.06,4
2014-01-13,293.84,4
2014-01-14,294.40,4
2014-01-15,293.70,4
2014-01-16,293.46,4
2014-01-17,290.76,4
2014-01-20,285.95,4
2014-01-21,287.97,4
2014-01-22,288.49,4
2014-01-23,284.72,4
2014-01-24,282.74,4
2014-01-27,281.36,4
2014-01-28,278.44,4
2014-01-29,278.36,4
2014-01-30,281.59,4
2014-01-31,277.07,4
2014-02-03,279.03,4
2014-02-04,281.67,4
2014-02-05,280.31,4
2014-02-06,280.47,4
2014-02-07,275.70,4
2014-02-10,272.28,4
2014-02-11,267.43,4
2014-02-12,265.84,4
2014-02-13,269.26,4
2014-02-14,264.90,4
2014-02-17,266.25,4
2014-02-18,267.75,4
2014-02-19,270.61,4
2014-02-20,273.69,4
2014-02-21,273.88,4
2014-02-24,276.74,4
2014-02-25,281.03,4
2014-02-26,277.49,4
2014-02-27,281.32,4
2014-02-28,277.87,4
2014-03-03,278.66,4
2014-03-04,278.96,4
2014-03-05,278.62,4
2014-03-06,282.05,4
2014-03-07,284.52,4
2014-03-10,285.80,4
2014-03-11,288.39,4
2014-03-12,283.52,4
2014-03-13,285.66,4
2014-03-14,285.24,4
2014-03-17,285.54,4
2014-03-18,288.68,4
2014-03-19,286.03,4
2014-03-20,285.28,4
2014-03-21,286.45,4
2014-03-24,285.91,4
2014-03-25,281.82,4
2014-03-26,285.96,4
2014-03-27,289.44,4
2014-03-28,287.13,4
2014-03-31,284.78,4
2014-04-01,284.99,4
2014-04-02,281.27,4
2014-04-03,278.01,4
2014-04-04,278.91,4
2014-04-07,274.59,4
2014-04-08,275.81,4
2014-04-09,271.14,4
2014-04-10,270.18,4
2014-04-11,271.14,4
2014-04-14,273.39,4
2014-04-15,273.62,4
2014-04-16,271.00,4
2014-04-17,269.06,4
2014-04-22,268.17,4
2014-04-23,270.11,4
2014-04-24,273.55,4
2014-04-25,274.93,4
2014-04-28,274.77,4
2014-04-29,275.68,4
2014-04-30,272.24,4
2014-05-02,272.51,4
2014-05-05,268.55,4
2014-05-06,273.23,4
2014-05-07,272.03,4
2014-05-08,272.26,4
2014-05-09,269.37,4
2014-05-12,266.13,4
2014-05-13,262.09,4
2014-05-14,257.84,4
2014-05-15,256.80,4
2014-05-16,252.66,4
2014-05-19,252.14,4
2014-05-20,248.81,4
2014-05-21,253.68,4
2014-05-22,252.44,4
2014-05-23,250.65,4
2014-05-26,252.82,4
2014-05-27,252.03,4
2014-05-28,257.01,4
2014-05-29,254.24,4
2014-05-30,251.21,4
2014-06-02,250.11,4
2014-06-03,254.40,4
2014-06-04,252.59,4
2014-06-05,250.86,4
2014-06-06,247.90,4
2014-06-09,250.37,4
2014-06-10,246.44,4
2014-06-11,242.83,4
2014-06-12,241.09,4
2014-06-13,239.12,4
2014-06-16,241.42,4
2014-06-17,242.09,4
2014-06-18,237.67,4
2014-06-20,241.44,4
2014-06-23,244.86,4
2014-06-24,249.55,4
2014-06-25,247.37,4
2014-06-26,247.72,4
2014-06-27,244.16,4
2014-06-30,247.60,4
2014-07-01,247.29,4
2014-07-02,247.42,4
2014-07-03,244.96,4
2014-07-04,248.23,4
2014-07-07,250.61,4
2014-07-08,254.38,4
2014-07-09,257.95,4
2014-07-10,256.75,4
2014-07-11,259.90,4
2014-07-14,259.25,4
2014-07-15,255.23,4
2014-07-16,258.14,4
2014-07-17,262.97,4
2014-07-18,260.33,4
2014-07-21,257.72,4
2014-07-22,258.03,4
2014-07-23,260.03,4
2014-07-24,257.97,4
2014-07-25,260.45,4
2014-07-28,261.24,4
2014-07-29,261.45,4
2014-07-30,265.96,4
2014-07-31,270.54,4
2014-08-01,270.79,4
2014-08-04,266.13,4
2014-08-05,269.55,4
2014-08-06,274.01,4
2014-08-07,278.90,4
2014-08-08,274.92,4
2014-08-11,276.86,4
2014-08-12,278.23,4
2014-08-13,275.66,4
2014-08-14,272.20,4
2014-08-18,272.62,4
2014-08-19,270.11,4
2014-08-20,273.87,4
2014-08-21,270.98,4
2014-08-22,266.68,4
2014-08-25,263.90,4
2014-08-26,263.38,4
2014-08-27,259.28,4
2014-08-28,260.70,4
2014-08-29,264.42,4
2014-09-01,266.79,4
2014-09-02,268.68,4
2014-09-03,270.79,4
2014-09-04,267.51,4
2014-09-05,269.06,4
2014-09-08,264.31,4
2014-09-09,264.18,4
2014-09-10,265.21,4
2014-09-11,264.14,4
2014-09-12,261.48,4
2014-09-15,266.02,4
2014-09-16,261.79,4
2014-09-17,261.22,4
2014-09-18,256.39,4
2014-09-19,259.58,4
2014-09-22,255.49,4
2014-09-23,251.26,4
2014-09-24,255.12,4
2014-09-25,258.36,4
2014-09-26,259.36,4
2014-09-29,263.81,4
2014-09-30,260.72,4
2014-10-01,262.58,4
2014-10-02,258.90,4
2014-10-03,254.93,4
2014-10-06,254.38,4
2014-10-07,255.60,4
2014-10-08,258.98,4
2014-10-09,255.81,4
2014-10-10,253.10,4
2014-10-13,252.31,4
2014-10-14,252.05,4
2014-10-15,248.07,4
2014-10-16,250.45,4
2014-10-17,253.81,4
2014-10-20,253.34,4
2014-10-21,248.34,4
2014-10-22,245.98,4
2014-10-23,243.73,4
2014-10-24,244.78,4
2014-10-27,246.29,4
2014-10-28,242.47,4
2014-10-29,246.29,4
2014-10-30,243.83,4
2014-10-31,239.88,4
2014-11-03,236.75,4
2014-11-04,239.78,4
2014-11-05,238.03,4
2014-11-06,235.11,4
2014-11-07,238.07,4
2014-11-10,236.01,4
2014-11-12,232.23,4
2014-11-13,235.75,4
2014-11-14,239.84,4
2014-11-17,238.28,4
2014-11-18,241.48,4
2014-11-19,241.93,4
2014-11-20,246.03,4
2014-11-21,242.42,4
2014-11-24,238.26,4
2014-11-25,234.34,4
2014-11-26,230.06,4
2014-11-27,230.39,4
2014-11-28,233.54,4
2014-12-01,232.55,4
2014-12-02,231.81,4
2014-12-03,231.03,4
2014-12-04,227.96,4
2014-12-05,231.49,4
2014-12-08,231.86,4
2014-12-09,232.67,4
2014-12-10,231.63,4
2014-12-11,228.26,4
2014-12-12,228.01,4
2014-12-15,230.29,4
2014-12-16,226.57,4
2014-12-17,223.98,4
2014-12-18,223.94,4
2014-12-19,228.87,4
2014-12-22,228.77,4
2014-12-23,224.03,4
2014-12-29,225.04,4
2014-12-30,229.58,4
2015-01-02,225.91,4
2015-01-05,223.26,4
2015-01-07,224.59,4
2015-01-08,223.29,4
2015-01-09,227.85,4
2015-01-12,232.05,4
2015-01-13,227.60,4
2015-01-14,229.11,4
2015-01-15,226.71,4
2015-01-16,221.76,4
2015-01-19,222.26,4
2015-01-20,217.72,4
2015-01-21,219.32,4
2015-01-22,220.87,4
2015-01-23,221.23,4
2015-01-26,222.00,4
2015-01-27,218.51,4
2015-01-28,218.91,4
2015-01-29,222.93,4
2015-01-30,223.01,4
2015-02-02,219.07,4
2015-02-03,220.95,4
2015-02-04,225.71,4
2015-02-05,221.26,4
2015-02-06,225.66,4
2015-02-09,227.99,4
2015-02-10,228.52,4
2015-02-11,225.64,4
2015-02-12,224.99,4
2015-02-13,226.80,4
2015-02-16,229.16,4
2015-02-17,231.15,4
2015-02-18,231.91,4
2015-02-19,236.24,4
2015-02-20,234.17,4
2015-02-23,236.08,4
2015-02-24,238.42,4
2015-02-25,238.82,4
2015-02-26,234.70,4
2015-02-27,232.13,4
2015-03-02,229.90,4
2015-03-03,232.95,4
2015-03-04,232.86,4
2015-03-05,231.10,4
2015-03-06,232.89,4
2015-03-09,233.45,4
2015-03-10,230.50,4
2015-03-11,232.27,4
2015-03-12,228.02,4
2015-03-13,224.11,4
2015-03-16,224.53,4
2015-03-17,221.53,4
2015-03-18,223.28,4
2015-03-19,224.28,4
2015-03-20,220.98,4
2015-03-23,217.19,4
2015-03-24,218.76,4
2015-03-25,222.93,4
2015-03-26,221.42,4
2015-03-27,220.22,4
2015-03-30,219.29,4
2015-03-31,214.30,4
2015-04-01,218.92,4
2015-04-02,219.37,4
2015-04-07,221.86,4
2015-04-08,225.33,4
2015-04-09,223.62,4
2015-04-10,227.08,4
2015-04-13,224.82,4
2015-04-14,221.45,4
2015-04-15,224.21,4
2015-04-16,227.66,4
2015-04-17,227.93,4
2015-04-20,229.54,4
2015-04-21,230.36,4
2015-04-22,228.72,4
2015-04-23,233.08,4
2015-04-24,235.25,4
2015-04-27,233.88,4
2015-04-28,233.43,4
2015-04-29,233.02,4
2015-04-30,236.82,4
2015-05-04,232.44,4
2015-05-05,231.64,4
2015-05-06,229.29,4
2015-05-07,233.53,4
2015-05-08,231.77,4
2015-05-11,230.11,4
2015-05-12,233.85,4
2015-05-13,234.54,4
2015-05-14,229.82,4
2015-05-15,226.29,4
2015-05-18,225.63,4
2015-05-19,227.80,4
2015-05-20,230.56,4
2015-05-21,228.11,4
2015-05-22,226.73,4
2015-05-25,231.64,4
2015-05-26,228.40,4
2015-05-27,231.80,4
2015-05-28,233.79,4
2015-05-29,237.47,4
2015-06-01,239.94,4
2015-06-02,239.48,4
2015-06-03,239.05,4
2015-06-05,236.19,4
2015-06-08,232.61,4
2015-06-09,237.11,4
2015-06-10,238.61,4
2015-06-11,240.65,4
2015-06-12,242.76,4
2015-06-15,245.70,4
2015-06-16,244.85,4
2015-06-17,247.09,4
2015-06-18,244.52,4
2015-06-19,245.24,4
2015-06-22,241.05,4
2015-06-23,239.44,4
2015-06-24,240.38,4
2015-06-25,235.62,4
2015-06-26,238.76,4
2015-06-29,240.06,4
2015-06-30,241.64,4
2015-07-01,244.70,4
2015-07-02,247.41,4
2015-07-03,245.04,4
2015-07-06,247.11,4
2015-07-07,251.58,4
2015-07-08,252.63,4
2015-07-09,255.00,4
2015-07-10,256.82,4
2015-07-13,256.72,4
2015-07-14,261.05,4
2015-07-15,259.31,4
2015-07-16,255.12,4
2015-07-17,251.63,4
2015-07-20,247.91,4
2015-07-21,247.50,4
2015-07-22,249.75,4
2015-07-23,254.38,4
2015-07-24,253.16,4
2015-07-27,250.81,4
2015-07-28,246.83,4
2015-07-29,247.36,4
2015-07-30,244.29,4
2015-07-31,242.74,4
2015-08-03,239.00,4
2015-08-04,235.07,4
2015-08-05,239.28,4
2015-08-06,238.23,4
2015-08-07,240.07,4
2015-08-10,242.67,4
2015-08-11,239.04,4
2015-08-12,234.72,4
2015-08-13,229.93,4
2015-08-14,228.04,4
2015-08-17,232.13,4
2015-08-18,228.47,4
2015-08-19,233.41,4
2015-08-20,229.49,4
2015-08-21,226.01,4
2015-08-24,223.52,4
2015-08-25,225.09,4
2015-08-26,222.51,4
2015-08-27,222.71,4
2015-08-28,222.43,4
2015-08-31,224.82,4
2015-09-01,222.64,4
2015-09-02,224.05,4
2015-09-03,221.61,4
2015-09-04,218.25,4
2015-09-07,218.53,4
2015-09-08,222.35,4
2015-09-09,224.45,4
2015-09-10,227.09,4
2015-09-11,228.58,4
2015-09-14,229.29,4
2015-09-15,224.76,4
2015-09-16,221.36,4
2015-09-17,221.18,4
2015-09-18,222.79,4
2015-09-21,224.50,4
2015-09-22,222.10,4
2015-09-23,225.08,4
2015-09-24,229.85,4
2015-09-25,224.88,4
2015-09-28,224.89,4
2015-09-29,225.34,4
2015-09-30,228.72,4
2015-10-01,231.78,4
2015-10-02,235.46,4
2015-10-05,238.74,4
2015-10-06,235.62,4
2015-10-07,232.23,4
2015-10-08,234.58,4
2015-10-09,232.18,4
2015-10-12,227.72,4
2015-10-13,228.49,4
2015-10-14,228.99,4
2015-10-15,232.04,4
2015-10-16,227.91,4
2015-10-19,230.55,4
2015-10-20,230.85,4
2015-10-21,227.76,4
2015-10-22,223.75,4
2015-10-23,219.68,4
2015-10-26,214.95,4
2015-10-27,219.78,4
2015-10-28,215.16,4
2015-10-29,213.22,4
2015-10-30,217.18,4
2015-11-02,215.52,4
2015-11-03,218.94,4
2015-11-04,217.99,4
2015-11-05,218.94,4
2015-11-06,222.72,4
2015-11-09,218.35,4
2015-11-10,215.78,4
2015-11-12,212.15,4
2015-11-13,214.63,4
2015-11-16,216.79,4
2015-11-17,212.75,4
2015-11-18,207.93,4
2015-11-19,206.37,4
2015-11-20,206.38,4
2015-11-23,202.01,4
2015-11-24,203.63,4
2015-11-25,202.01,4
2015-11-26,199.25,4
2015-11-27,198.64,4
2015-11-30,200.86,4
2015-12-01,199.15,4
2015-12-02,200.38,4
2015-12-03,199.91,4
2015-12-04,196.47,4
2015-12-07,195.68,4
2015-12-08,191.16,4
2015-12-09,195.53,4
2015-12-10,194.28,4
2015-12-11,198.54,4
2015-12-14,202.29,4
2015-12-15,205.51,4
2015-12-16,201.89,4
2015-12-17,198.98,4
2015-12-18,203.62,4
2015-12-21,203.68,4
2015-12-22,198.83,4
2015-12-23,196.50,4
2015-12-28,191.80,4
2015-12-29,187.99,4
2015-12-30,185.70,4
2016-01-04,185.01,4
2016-01-05,185.38,4
2016-01-07,184.76,4
2016-01-08,189.75,4
2016-01-11,191.25,4
2016-01-12,190.20,4
2016-01-13,191.39,4
2016-01-14,187.77,4
2016-01-15,189.18,4
2016-01-18,188.30,4
2016-01-19,183.42,4
2016-01-20,188.10,4
2016-01-21,188.51,4
2016-01-22,190.92,4
2016-01-25,195.20,4
2016-01-26,194.22,4
2016-01-27,198.85,4
2016-01-28,202.00,4
2016-01-29,202.68,4
2016-02-01,204.75,4
2016-02-02,204.36,4
2016-02-03,206.81,4
2016-02-04,206.88,4
2016-02-05,207.57,4
2016-02-08,211.88,4
2016-02-09,212.59,4
2016-02-10,214.00,4
2016-02-11,213.98,4
2016-02-12,214.14,4
2016-02-15,211.27,4
2016-02-16,212.78,4
2016-02-17,216.18,4
2016-02-18,211.45,4
2016-02-19,212.45,4
2016-02-22,209.32,4
2016-02-23,205.50,4
2016-02-24,205.24,4
2016-02-25,205.27,4
2016-02-26,205.39,4
2016-02-29,204.24,4
2016-03-01,208.67,4
2016-03-02,212.77,4
2016-03-03,213.63,4
2016-03-04,208.88,4
2016-03-07,213.10,4
2016-03-08,216.15,4
2016-03-09,220.65,4
2016-03-10,222.59,4
2016-03-11,226.45,4
2016-03-14,228.60,4
2016-03-15,226.57,4
2016-03-16,227.30,4
2016-03-17,230.98,4
2016-03-18,228.38,4
2016-03-21,232.24,4
2016-03-22,233.73,4
2016-03-23,231.80,4
2016-03-24,231.77,4
2016-03-29,230.91,4
2016-03-30,233.05,4
2016-03-31,233.71,4
2016-04-01,232.37,4
2016-04-04,227.38,4
2016-04-05,224.52,4
2016-04-06,226.94,4
2016-04-07,227.14,4
2016-04-08,229.76,4
2016-04-11,231.36,4
2016-04-12,232.16,4
2016-04-13,236.19,4
2016-04-14,239.12,4
2016-04-15,242.56,4
2016-04-18,246.81,4
2016-04-19,251.34,4
2016-04-20,253.94,4
2016-04-21,256.52,4
2016-04-22,251.73,4
2016-04-25,255.63,4
2016-04-26,251.23,4
2016-04-27,247.56,4
2016-04-28,248.91,4
2016-04-29,253.59,4
2016-05-02,258.01,4
2016-05-04,255.93,4
2016-05-05,251.07,4
2016-05-06,252.96,4
2016-05-09,255.52,4
2016-05-10,257.84,4
2016-05-11,258.91,4
2016-05-12,261.19,4
